"date","time","size","version","os","country","ip_id"
"2015-05-03","00:14:25",14616,"3.1.3","src","CN",1
"2015-05-03","00:16:11",64981321,"3.2.0","win","MX",2
"2015-05-03","00:17:37",64981317,"3.2.0","win","US",3
"2015-05-03","00:18:07",5629697,"3.2.0","win","CN",4
"2015-05-03","00:17:59",541465,"3.2.0","win","CN",4
"2015-05-03","00:18:07",9851537,"3.2.0","win","CN",4
"2015-05-03","00:19:12",57097900,"3.1.3","win","US",5
"2015-05-03","00:20:48",29125448,"3.2.0","src","US",6
"2015-05-03","00:21:23",64981317,"3.2.0","win","CA",7
"2015-05-03","00:20:51",64981311,"3.2.0","win","AU",8
"2015-05-03","00:22:47",46720,"3.1.2","src","CN",9
"2015-05-03","00:04:23",64981317,"3.2.0","win","US",10
"2015-05-03","00:05:52",14617,"3.1.3","src","CN",11
"2015-05-03","00:06:08",124664,"3.1.3","win","CZ",12
"2015-05-03","00:06:19",14616,"3.2.0","win","CN",13
"2015-05-03","00:06:17",14616,"3.1.3","win","CN",14
"2015-05-03","00:08:59",14616,"3.1.3","osx","CZ",12
"2015-05-03","00:10:22",14616,"3.2.0","win","CN",15
"2015-05-03","00:09:49",14616,"3.2.0","win","CN",16
"2015-05-03","00:11:45",64977884,"3.2.0rc","win","RU",17
"2015-05-03","00:12:49",72568681,"3.2.0","osx","NZ",18
"2015-05-03","00:44:26",14616,"3.1.3","src","CN",1
"2015-05-03","00:46:14",64981321,"3.2.0","win","US",19
"2015-05-03","00:46:36",64981317,"3.2.0","win","TW",20
"2015-05-03","00:52:26",8805083,"3.2.0","win","JP",21
"2015-05-03","00:01:14",72568675,"3.2.0","osx","US",22
"2015-05-03","00:00:44",34888,"2.14.1","win","CN",9
"2015-05-03","00:02:14",14616,"3.1.0","src","CN",23
"2015-05-03","00:32:16",14616,"3.1.0","src","CN",23
"2015-05-03","00:36:21",14616,"3.2.0","win","CN",13
"2015-05-03","00:35:37",72568684,"3.2.0","osx","US",24
"2015-05-03","00:40:23",14616,"3.2.0","win","CN",15
"2015-05-03","00:52:49",33440,"3.1.2","src","CN",9
"2015-05-03","00:54:12",64981317,"3.2.0","win","AU",25
"2015-05-03","00:55:41",64981321,"3.2.0","win","MX",26
"2015-05-03","00:56:05",64981317,"3.2.0","win","AU",27
"2015-05-03","00:56:28",14616,"3.1.3","win","CN",28
"2015-05-03","00:56:16",64981320,"3.2.0","win","AU",29
"2015-05-03","00:56:40",14616,"3.1.1","win","CN",23
"2015-05-03","00:59:24",310915,"3.2.0","win","CN",30
"2015-05-03","00:23:11",833136,"3.2.0","win","CN",31
"2015-05-03","00:22:39",64981317,"3.2.0","win","AU",8
"2015-05-03","00:24:24",67698,"3.2.0","win","CN",32
"2015-05-03","00:25:06",72568684,"3.2.0","osx","AU",33
"2015-05-03","00:26:16",72568675,"3.2.0","osx","US",34
"2015-05-03","00:26:27",14616,"3.1.3","win","CN",28
"2015-05-03","00:29:03",4096531,"3.2.0","win","US",35
"2015-05-03","00:26:40",14616,"3.1.1","win","CN",23
"2015-05-03","00:28:57",72568681,"3.2.0","osx","US",36
"2015-05-03","00:30:45",34888,"2.14.1","win","CN",9
"2015-05-03","00:30:44",72568681,"3.2.0","osx","BR",37
"2015-05-03","00:31:46",64981320,"3.2.0","win","AU",8
"2015-05-03","00:32:25",64981317,"3.2.0","win","US",38
"2015-05-03","01:43:11",64981317,"3.2.0","win","AU",39
"2015-05-03","01:44:28",14616,"3.1.3","src","CN",1
"2015-05-03","01:44:19",64981317,"3.2.0","win","GB",40
"2015-05-03","01:46:20",10300163,"3.2.0","win","US",41
"2015-05-03","01:44:51",55963,"3.1.2","src","CN",42
"2015-05-03","01:47:30",46720,"3.1.3","win","CN",43
"2015-05-03","01:51:05",58075,"3.2.0","win","CN",44
"2015-05-03","01:51:07",58400,"3.2.0","win","CN",44
"2015-05-03","01:51:49",64981317,"3.2.0","win","US",45
"2015-05-03","01:51:43",5862222,"3.2.0","win","CN",44
"2015-05-03","01:49:19",14616,"3.1.0","src","CN",46
"2015-05-03","01:52:13",64981317,"3.2.0","win","KR",47
"2015-05-03","01:52:54",46720,"3.1.2","src","CN",9
"2015-05-03","01:53:35",77760,"3.2.0","win","CN",48
"2015-05-03","01:53:37",1322398,"3.2.0","win","CN",48
"2015-05-03","01:54:25",64981320,"3.2.0","win","AU",49
"2015-05-03","01:55:33",64981317,"3.2.0","win","US",50
"2015-05-03","01:54:41",521,"3.1.2","src","CN",51
"2015-05-03","01:56:30",14616,"3.1.3","win","CN",28
"2015-05-03","01:57:21",64981317,"3.2.0","win","TW",52
"2015-05-03","01:57:38",64981317,"3.2.0","win","CA",53
"2015-05-03","01:56:42",14616,"3.1.1","win","CN",23
"2015-05-03","01:57:53",64981317,"3.2.0","win","US",54
"2015-05-03","01:19:04",78840,"3.2.0","win","CN",55
"2015-05-03","01:19:04",78840,"3.2.0","win","CN",55
"2015-05-03","01:22:51",31992,"3.1.2","src","CN",9
"2015-05-03","01:24:36",64981317,"3.2.0","win","US",56
"2015-05-03","01:26:28",14616,"3.1.3","win","CN",28
"2015-05-03","01:26:23",12693704,"3.2.0","win","US",57
"2015-05-03","01:26:34",64981321,"3.2.0","win","CN",58
"2015-05-03","01:27:09",14616,"3.1.3","src","CN",59
"2015-05-03","01:28:39",64981317,"3.2.0","win","US",60
"2015-05-03","01:26:42",14616,"3.1.1","win","CN",23
"2015-05-03","01:29:51",14616,"3.1.0","src","CN",61
"2015-05-03","01:30:52",46720,"2.14.1","win","CN",9
"2015-05-03","01:32:53",64981312,"3.2.0","win","US",62
"2015-05-03","01:33:14",64981317,"3.2.0","win","US",63
"2015-05-03","01:32:19",14616,"3.1.0","src","CN",23
"2015-05-03","01:35:48",19238006,"2.12.1","osx","US",64
"2015-05-03","01:35:37",72568681,"3.2.0","osx","US",65
"2015-05-03","01:36:11",64981320,"3.2.0","win","US",66
"2015-05-03","01:36:23",10273,"3.2.0","win","CN",13
"2015-05-03","01:40:27",14616,"3.2.0","win","CN",15
"2015-05-03","01:41:49",72568681,"3.2.0","osx","US",67
"2015-05-03","01:42:25",28656462,"3.1.2","src","JP",68
"2015-05-03","01:39:58",14616,"3.1.1","win","CN",69
"2015-05-03","01:02:17",14616,"3.1.0","src","CN",23
"2015-05-03","01:03:46",72568681,"3.2.0","osx","CH",70
"2015-05-03","01:06:22",14616,"3.2.0","win","CN",13
"2015-05-03","01:06:43",64981321,"3.2.0","win","TW",71
"2015-05-03","01:07:45",80443,"3.2.0","win","CN",72
"2015-05-03","01:08:13",141257,"3.1.3","win","US",73
"2015-05-03","01:10:24",45018,"3.2.0","win","CN",15
"2015-05-03","01:11:10",45792,"3.2.0","win","CN",74
"2015-05-03","01:13:08",141659,"3.2.0","win","CN",30
"2015-05-03","01:14:42",77760,"3.2.0","win","CN",58
"2015-05-03","01:14:27",14616,"3.1.3","src","CN",1
"2015-05-03","01:15:49",10831473,"3.2.0","win","CN",58
"2015-05-03","01:15:26",343260,"3.2.0","win","CN",30
"2015-05-03","01:16:16",72568681,"3.2.0","osx","CA",75
"2015-05-03","01:19:04",78840,"3.2.0","win","CN",55
"2015-05-03","01:19:35",64981317,"3.2.0","win","KR",47
"2015-05-03","01:19:04",196888,"3.2.0","win","CN",55
"2015-05-03","01:22:10",145452,"3.2.0","win","CN",30
"2015-05-03","01:00:49",34888,"2.14.1","win","CN",9
"2015-05-03","01:02:17",64981317,"3.2.0","win","CA",76
"2015-05-03","01:01:37",14617,"2.14.1","win","CN",77
"2015-05-03","02:44:09",64981317,"3.2.0","win","US",78
"2015-05-03","02:44:30",14616,"3.1.3","src","CN",1
"2015-05-03","02:46:23",80040,"3.2.0","win","CN",79
"2015-05-03","02:46:19",64981317,"3.2.0","win","HK",80
"2015-05-03","02:46:42",176000,"3.2.0","win","CN",81
"2015-05-03","02:48:07",64981317,"3.2.0","win","TW",82
"2015-05-03","02:46:09",154880,"3.2.0","src","CN",81
"2015-05-03","02:48:56",72568681,"3.2.0","osx","CO",83
"2015-05-03","02:48:25",406323,"3.2.0","win","CN",84
"2015-05-03","02:50:42",64981317,"3.2.0","win","TW",85
"2015-05-03","02:48:37",283003,"3.2.0","win","CN",84
"2015-05-03","02:52:27",64981317,"3.2.0","win","CN",86
"2015-05-03","02:53:23",46720,"3.1.2","src","CN",9
"2015-05-03","02:23:14",37784,"3.1.2","src","CN",9
"2015-05-03","02:23:20",34888,"3.1.2","src","CN",9
"2015-05-03","02:24:36",72568681,"3.2.0","osx","US",87
"2015-05-03","02:26:32",14616,"3.1.3","win","CN",28
"2015-05-03","02:26:43",14616,"3.1.1","win","CN",23
"2015-05-03","02:29:10",4375256,"3.2.0","win","CN",88
"2015-05-03","02:29:10",4179410,"3.2.0","win","CN",88
"2015-05-03","02:29:10",3594115,"3.2.0","win","CN",88
"2015-05-03","02:29:10",2560320,"3.2.0","win","CN",88
"2015-05-03","02:30:55",34888,"2.14.1","win","CN",9
"2015-05-03","02:29:57",64981321,"3.2.0","win","TW",89
"2015-05-03","02:32:24",14616,"3.1.0","src","CN",23
"2015-05-03","02:03:31",21466380,"3.2.0","win","BG",90
"2015-05-03","02:04:25",64981317,"3.2.0","win","US",91
"2015-05-03","02:06:25",14616,"3.2.0","win","CN",13
"2015-05-03","02:08:54",37450798,"3.2.0","win","US",92
"2015-05-03","02:09:23",64981317,"3.2.0","win","US",93
"2015-05-03","02:10:36",72568675,"3.2.0","osx","US",94
"2015-05-03","02:10:29",45832,"3.2.0","win","CN",15
"2015-05-03","02:12:15",29096,"3.1.3","win","CN",95
"2015-05-03","02:00:52",31992,"2.14.1","win","CN",9
"2015-05-03","02:02:21",14616,"3.1.0","src","CN",23
"2015-05-03","02:02:10",20679976,"3.2.0","win","BG",90
"2015-05-03","02:04:09",64981311,"3.2.0","win","US",96
"2015-05-03","02:36:25",45795,"3.2.0","win","CN",13
"2015-05-03","02:36:06",80640,"3.2.0","win","CN",72
"2015-05-03","02:37:13",64981317,"3.2.0","win","NZ",97
"2015-05-03","02:40:32",29125448,"3.2.0","src","US",98
"2015-05-03","02:40:32",45832,"3.2.0","win","CN",15
"2015-05-03","02:42:48",41615819,"3.2.0","win","CN",79
"2015-05-03","02:43:19",64981321,"3.2.0","win","US",99
"2015-05-03","02:14:30",14616,"3.1.3","src","CN",1
"2015-05-03","02:14:50",46720,"3.2.0","win","CN",100
"2015-05-03","02:16:28",64981320,"3.2.0","win","US",101
"2015-05-03","02:17:01",375624,"3.2.0","win","CN",102
"2015-05-03","02:16:58",702515,"3.2.0","win","CN",103
"2015-05-03","02:18:06",64981321,"3.2.0","win","TW",104
"2015-05-03","02:18:45",45794,"3.2.0","win","CN",105
"2015-05-03","02:21:48",64981317,"3.2.0","win","US",106
"2015-05-03","02:22:23",77760,"3.2.0","win","CN",102
"2015-05-03","02:56:34",14616,"3.1.3","win","CN",28
"2015-05-03","02:57:02",64981317,"3.2.0","win","MX",107
"2015-05-03","02:56:44",14616,"3.1.1","win","CN",23
"2015-05-03","02:59:58",64981317,"3.2.0","win","US",108
"2015-05-03","03:00:59",31992,"2.14.1","win","CN",9
"2015-05-03","03:02:24",14616,"3.1.0","src","CN",23
"2015-05-03","03:01:58",64981317,"3.2.0","win","KR",109
"2015-05-03","03:03:23",743040,"3.2.0","win","CN",110
"2015-05-03","03:14:31",14616,"3.1.3","src","CN",1
"2015-05-03","03:17:30",64981317,"3.2.0","win","US",111
"2015-05-03","03:17:30",64981319,"3.2.0","win","US",112
"2015-05-03","03:17:48",64981317,"3.2.0","win","AU",113
"2015-05-03","03:18:37",64981312,"3.2.0","win","AR",114
"2015-05-03","03:18:59",64981317,"3.2.0","win","US",115
"2015-05-03","03:23:24",33440,"3.1.2","src","CN",9
"2015-05-03","03:23:24",46720,"3.2.0","win","CN",116
"2015-05-03","03:35:39",94753,"3.2.0","win","CN",117
"2015-05-03","03:35:43",64981312,"3.2.0","win","US",118
"2015-05-03","03:35:52",2023549,"3.2.0","win","CN",117
"2015-05-03","03:35:52",2161517,"3.2.0","win","CN",117
"2015-05-03","03:35:47",64981314,"3.2.0","win","US",119
"2015-05-03","03:34:07",14617,"3.1.3","win","CN",120
"2015-05-03","03:36:02",1877560,"3.2.0","win","CN",117
"2015-05-03","03:34:06",64981320,"3.2.0","win","US",121
"2015-05-03","03:36:30",14616,"3.2.0","win","CN",13
"2015-05-03","03:37:49",7124160,"3.2.0","osx","US",122
"2015-05-03","03:38:50",64981321,"3.2.0","win","US",115
"2015-05-03","03:39:04",64981317,"3.2.0","win","US",123
"2015-05-03","03:40:37",14616,"3.2.0","win","CN",15
"2015-05-03","03:40:46",64981317,"3.2.0","win","CH",124
"2015-05-03","03:43:52",64981317,"3.2.0","win","US",125
"2015-05-03","03:44:12",64981321,"3.2.0","win","TW",126
"2015-05-03","03:44:32",14616,"3.1.3","src","CN",1
"2015-05-03","03:05:22",64981320,"3.2.0","win","TW",127
"2015-05-03","03:06:19",14617,"3.1.3","win","CN",14
"2015-05-03","03:06:28",14616,"3.2.0","win","CN",13
"2015-05-03","03:07:15",14616,"3.1.3","win","CN",128
"2015-05-03","03:10:09",64981321,"3.2.0","win","TW",129
"2015-05-03","03:09:38",14616,"3.1.3","win","CN",130
"2015-05-03","03:10:35",14616,"3.2.0","win","CN",15
"2015-05-03","03:11:20",64981312,"3.2.0","win","CN",79
"2015-05-03","03:25:25",78176,"3.2.0","win","CN",131
"2015-05-03","03:26:35",14616,"3.1.3","win","CN",28
"2015-05-03","03:26:45",14616,"3.1.1","win","CN",23
"2015-05-03","03:28:21",64981317,"3.2.0","win","KR",132
"2015-05-03","03:30:40",28656462,"3.1.2","src","US",133
"2015-05-03","03:31:01",34889,"2.14.1","win","CN",9
"2015-05-03","03:32:25",14616,"3.1.0","src","CN",23
"2015-05-03","03:55:53",64981317,"3.2.0","win","TW",134
"2015-05-03","03:56:36",14616,"3.1.3","win","CN",28
"2015-05-03","03:56:45",14616,"3.1.1","win","CN",23
"2015-05-03","03:58:41",72568681,"3.2.0","osx","US",135
"2015-05-03","03:59:27",72568681,"3.2.0","osx","HK",136
"2015-05-03","03:59:15",64981320,"3.2.0","win","TW",134
"2015-05-03","03:59:38",1131637,"3.1.3","osx","TW",137
"2015-05-03","03:59:03",14616,"3.2.0","win","CN",138
"2015-05-03","03:59:34",4762299,"3.2.0","osx","TW",137
"2015-05-03","03:45:14",30901255,"3.2.0","win","CO",139
"2015-05-03","03:44:54",136800,"3.2.0","win","LK",140
"2015-05-03","03:49:03",64981321,"3.2.0","win","US",115
"2015-05-03","03:49:24",33440,"latest","osx","US",141
"2015-05-03","03:53:28",36336,"3.1.2","src","CN",9
"2015-05-03","03:55:18",64981312,"3.2.0","win","IN",142
"2015-05-03","04:32:21",64981319,"3.2.0","win","KR",143
"2015-05-03","04:35:17",29125448,"3.2.0","src","US",144
"2015-05-03","04:37:04",64981317,"3.2.0","win","JP",145
"2015-05-03","04:36:33",14616,"3.2.0","win","CN",13
"2015-05-03","04:37:17",64981320,"3.2.0","win","KR",146
"2015-05-03","04:38:29",64981317,"3.2.0","win","US",147
"2015-05-03","04:38:18",5377872,"3.2.0","win","JP",148
"2015-05-03","04:40:40",14616,"3.2.0","win","CN",15
"2015-05-03","04:41:33",64981317,"3.2.0","win","NZ",149
"2015-05-03","04:39:57",14616,"3.1.1","win","CN",150
"2015-05-03","04:41:17",46720,"3.2.0","win","CN",74
"2015-05-03","04:43:17",5780129,"3.2.0","win","CN",151
"2015-05-03","04:43:06",74844,"3.2.0","win","CN",151
"2015-05-03","04:43:06",105137,"3.2.0","win","CN",151
"2015-05-03","04:43:17",6658367,"3.2.0","win","CN",151
"2015-05-03","04:43:33",14616,"3.1.3","win","CN",95
"2015-05-03","04:16:59",64981317,"3.2.0","win","TH",152
"2015-05-03","04:19:09",78192,"3.2.0","win","CN",153
"2015-05-03","04:22:20",28656468,"3.1.2","src","JP",154
"2015-05-03","04:23:29",34888,"3.1.2","src","CN",9
"2015-05-03","04:23:32",46720,"3.2.0","win","CN",116
"2015-05-03","04:26:38",14616,"3.1.3","win","CN",28
"2015-05-03","04:26:46",14616,"3.1.1","win","CN",23
"2015-05-03","04:27:20",64981321,"3.2.0","win","TW",155
"2015-05-03","04:26:59",61520,"3.2.0","win","JO",156
"2015-05-03","04:29:55",14616,"3.1.0","src","CN",61
"2015-05-03","04:30:46",64981321,"3.2.0","win","TW",157
"2015-05-03","04:31:04",34888,"2.14.1","win","CN",9
"2015-05-03","04:31:46",64981317,"3.2.0","win","KR",143
"2015-05-03","04:32:31",14616,"3.1.0","src","CN",23
"2015-05-03","04:04:30",64981319,"3.2.0","win","TW",137
"2015-05-03","04:06:06",64981321,"3.2.0","win","US",158
"2015-05-03","04:06:33",14616,"3.2.0","win","CN",13
"2015-05-03","04:06:27",8198608,"3.2.0","win","VN",159
"2015-05-03","04:08:01",64981317,"3.2.0","win","CA",160
"2015-05-03","04:09:19",61009,"3.2.0","win","CN",161
"2015-05-03","04:09:31",556369,"3.2.0","win","CN",161
"2015-05-03","04:09:31",748800,"3.2.0","win","CN",161
"2015-05-03","04:09:31",854449,"3.2.0","win","CN",161
"2015-05-03","04:10:38",14616,"3.2.0","win","CN",15
"2015-05-03","04:11:14",45791,"3.2.0","win","CN",74
"2015-05-03","04:14:32",46336,"3.1.3","src","CN",1
"2015-05-03","04:15:24",2512776,"3.2.0","osx","HK",162
"2015-05-03","04:01:27",64981321,"3.2.0","win","US",163
"2015-05-03","04:01:03",46720,"2.14.1","win","CN",9
"2015-05-03","04:02:27",14616,"3.1.0","src","CN",23
"2015-05-03","04:03:31",20781752,"3.2.0","win","TW",137
"2015-05-03","04:03:43",64981317,"3.2.0","win","US",164
"2015-05-03","04:56:33",64981317,"3.2.0","win","IN",165
"2015-05-03","04:56:39",14616,"3.1.3","win","CN",28
"2015-05-03","04:56:48",14616,"3.1.1","win","CN",23
"2015-05-03","04:57:40",28656462,"3.1.2","src","HK",166
"2015-05-03","04:57:22",57920,"3.1.3","src","CN",167
"2015-05-03","04:58:17",64981317,"3.2.0","win","US",168
"2015-05-03","04:57:42",4051253,"3.2.0","win","LK",169
"2015-05-03","04:59:10",79072,"3.2.0","win","CN",170
"2015-05-03","04:59:45",79072,"3.2.0","win","CN",170
"2015-05-03","04:59:50",78922,"3.2.0","win","CN",170
"2015-05-03","04:44:34",14616,"3.1.3","src","CN",1
"2015-05-03","04:45:49",64981320,"3.2.0","win","KR",171
"2015-05-03","04:47:43",72568675,"3.2.0","osx","US",172
"2015-05-03","04:49:21",14616,"3.1.0","src","CN",46
"2015-05-03","04:53:31",31992,"3.1.2","src","CN",9
"2015-05-03","05:35:14",64981317,"3.2.0","win","US",173
"2015-05-03","05:36:34",14616,"3.2.0","win","CN",13
"2015-05-03","05:39:29",6037251,"3.2.0","win","US",174
"2015-05-03","05:40:42",45804,"3.2.0","win","CN",15
"2015-05-03","05:40:51",64981321,"3.2.0","win","CN",175
"2015-05-03","05:40:56",45758,"3.2.0","win","CN",176
"2015-05-03","05:41:32",66931,"3.2.0","win","IL",177
"2015-05-03","05:41:42",45794,"3.1.3","win","CN",178
"2015-05-03","05:42:49",64981312,"3.2.0","win","US",179
"2015-05-03","05:43:25",2223899,"3.2.0","win","CN",180
"2015-05-03","05:43:17",64981311,"3.2.0","win","IN",181
"2015-05-03","05:43:25",1638720,"3.2.0","win","CN",180
"2015-05-03","05:43:25",2158560,"3.2.0","win","CN",180
"2015-05-03","05:14:25",900582,"3.2.0","win","AU",182
"2015-05-03","05:14:25",1447396,"3.2.0","win","AU",182
"2015-05-03","05:14:40",47784,"3.1.3","src","CN",1
"2015-05-03","05:14:25",1221089,"3.2.0","win","AU",182
"2015-05-03","05:14:25",2222649,"3.2.0","win","AU",182
"2015-05-03","05:15:15",45794,"3.2.0","win","CN",100
"2015-05-03","05:14:39",14616,"3.1.3","win","CN",95
"2015-05-03","05:16:26",5658269,"3.2.0","src","RU",183
"2015-05-03","05:20:09",64981321,"3.2.0","win","US",184
"2015-05-03","05:20:47",64981317,"3.2.0","win","NZ",185
"2015-05-03","05:22:05",12024600,"3.2.0","win","CN",186
"2015-05-03","05:24:05",13489363,"3.2.0","win","US",57
"2015-05-03","05:24:05",32332,"3.1.2","src","CN",9
"2015-05-03","05:24:14",14616,"3.1.2","src","CN",9
"2015-05-03","05:06:33",14616,"3.2.0","win","CN",13
"2015-05-03","05:06:52",64981317,"3.2.0","win","SV",187
"2015-05-03","05:08:42",64981306,"3.2.0","win","MY",188
"2015-05-03","05:07:54",64981317,"3.2.0","win","PK",189
"2015-05-03","05:10:44",71677017,"3.1.3","osx","US",190
"2015-05-03","05:10:41",45832,"3.2.0","win","CN",15
"2015-05-03","05:11:16",989941,"3.2.0","win","GU",191
"2015-05-03","05:10:54",46467,"3.2.0","win","CN",192
"2015-05-03","05:13:20",64981317,"3.2.0","win","TW",193
"2015-05-03","05:54:58",64981317,"3.2.0","win","US",194
"2015-05-03","05:56:41",14616,"3.1.3","win","CN",28
"2015-05-03","05:56:49",14616,"3.1.1","win","CN",23
"2015-05-03","05:58:01",71677023,"3.1.3","osx","HK",195
"2015-05-03","05:58:33",1390142,"3.1.3","osx","DE",196
"2015-05-03","05:59:03",6241837,"3.1.3","osx","DE",196
"2015-05-03","05:58:59",64981317,"3.2.0","win","TH",197
"2015-05-03","05:43:38",19729819,"2.11.1","src","OM",198
"2015-05-03","05:44:42",14616,"3.1.3","src","CN",1
"2015-05-03","05:45:38",64981315,"3.2.0","win","US",199
"2015-05-03","05:45:47",64981317,"3.2.0","win","TW",200
"2015-05-03","05:45:02",64981306,"3.2.0","win","KR",201
"2015-05-03","05:49:30",14616,"3.1.0","src","CN",46
"2015-05-03","05:50:02",29125454,"3.2.0","src","US",202
"2015-05-03","05:50:32",64981317,"3.2.0","win","AU",203
"2015-05-03","05:51:05",64981320,"3.2.0","win","TW",204
"2015-05-03","05:54:17",33440,"3.1.2","src","CN",9
"2015-05-03","05:25:39",64981317,"3.2.0","win","US",205
"2015-05-03","05:26:41",14616,"3.1.3","win","CN",28
"2015-05-03","05:26:48",14616,"3.1.1","win","CN",23
"2015-05-03","05:27:40",64981317,"3.2.0","win","US",206
"2015-05-03","05:31:07",31992,"2.14.1","win","CN",9
"2015-05-03","05:31:43",64981317,"3.2.0","win","US",207
"2015-05-03","05:32:34",14616,"3.1.0","src","CN",23
"2015-05-03","05:01:06",46720,"2.14.1","win","CN",9
"2015-05-03","05:02:44",64981317,"3.2.0","win","US",208
"2015-05-03","05:02:41",64981311,"3.2.0","win","SG",209
"2015-05-03","05:02:32",46336,"3.1.0","src","CN",23
"2015-05-03","05:03:42",72568675,"3.2.0","osx","IN",210
"2015-05-03","05:04:16",1136821,"2.12.1","osx","FR",211
"2015-05-03","06:32:09",64981317,"3.2.0","win","AU",212
"2015-05-03","06:32:37",14616,"3.1.0","src","CN",23
"2015-05-03","06:33:18",64981317,"3.2.0","win","GG",213
"2015-05-03","06:33:33",64981320,"3.2.0","win","TW",214
"2015-05-03","06:34:19",71677023,"3.1.3","osx","US",215
"2015-05-03","06:36:39",14616,"3.2.0","win","CN",13
"2015-05-03","06:36:27",14617,"3.1.3","win","CN",14
"2015-05-03","06:37:34",64981319,"3.2.0","win","IN",216
"2015-05-03","06:38:38",64981317,"3.2.0","win","AU",217
"2015-05-03","06:40:48",11721,"3.2.0","win","CN",15
"2015-05-03","06:40:30",77760,"3.2.0","win","CN",218
"2015-05-03","06:40:30",77760,"3.2.0","win","CN",218
"2015-05-03","06:01:18",34888,"2.14.1","win","CN",9
"2015-05-03","06:02:35",14616,"3.1.0","src","CN",23
"2015-05-03","06:03:52",64981321,"3.2.0","win","US",219
"2015-05-03","06:04:13",576700,"3.2.0","osx","CN",220
"2015-05-03","06:43:28",28656462,"3.1.2","src","IR",221
"2015-05-03","06:44:21",64981317,"3.2.0","win","KR",222
"2015-05-03","06:44:45",14616,"3.1.3","src","CN",1
"2015-05-03","06:45:58",74017,"3.2.0","win","CN",218
"2015-05-03","06:46:26",64981321,"3.2.0","win","TW",223
"2015-05-03","06:47:08",64981317,"3.2.0","win","US",224
"2015-05-03","06:46:17",72568681,"3.2.0","osx","AU",225
"2015-05-03","06:45:58",76849,"3.2.0","win","CN",218
"2015-05-03","06:51:53",64981320,"3.2.0","win","SG",226
"2015-05-03","06:51:42",72568681,"3.2.0","osx","AU",227
"2015-05-03","06:22:35",64981315,"3.2.0","win","CN",228
"2015-05-03","06:24:50",14617,"3.1.2","src","CN",9
"2015-05-03","06:25:02",46720,"3.1.2","src","CN",9
"2015-05-03","06:25:40",64981317,"3.2.0","win","TW",229
"2015-05-03","06:26:43",14616,"3.1.3","win","CN",28
"2015-05-03","06:26:50",14616,"3.1.1","win","CN",23
"2015-05-03","06:26:59",64981311,"3.2.0","win","IR",230
"2015-05-03","06:29:17",14621,"3.1.2","src","CN",231
"2015-05-03","06:29:24",46336,"3.1.2","src","CN",231
"2015-05-03","06:29:38",29125448,"3.2.0","src","CN",232
"2015-05-03","06:30:33",72568675,"3.2.0","osx","IT",233
"2015-05-03","06:30:26",46336,"3.1.2","src","CN",231
"2015-05-03","06:31:45",34888,"2.14.1","win","CN",9
"2015-05-03","06:31:33",30544,"2.14.1","win","CN",9
"2015-05-03","06:31:39",33440,"2.14.1","win","CN",9
"2015-05-03","06:32:14",2618499,"3.2.0","win","IN",216
"2015-05-03","06:03:58",72568681,"3.2.0","osx","US",215
"2015-05-03","06:06:22",14616,"3.1.3","win","CN",14
"2015-05-03","06:06:22",71677025,"3.1.3","osx","DE",196
"2015-05-03","06:06:37",14616,"3.2.0","win","CN",13
"2015-05-03","06:07:53",515328,"3.1.2","src","IR",221
"2015-05-03","06:08:01",64981317,"3.2.0","win","TH",234
"2015-05-03","06:10:44",14616,"3.2.0","win","CN",15
"2015-05-03","06:12:19",64981317,"3.2.0","win","IN",235
"2015-05-03","06:14:43",14616,"3.1.3","src","CN",1
"2015-05-03","06:15:22",14617,"3.2.0","win","CN",100
"2015-05-03","06:13:14",64981317,"3.2.0","win","FR",236
"2015-05-03","06:16:26",64981317,"3.2.0","win","GB",237
"2015-05-03","06:20:38",64981317,"3.2.0","win","JP",238
"2015-05-03","06:19:56",28656468,"3.1.2","src","US",202
"2015-05-03","06:55:03",34888,"3.1.2","src","CN",9
"2015-05-03","06:55:40",64981317,"3.2.0","win","IN",239
"2015-05-03","06:56:53",33440,"3.1.1","win","CN",23
"2015-05-03","06:56:46",14616,"3.1.3","win","CN",28
"2015-05-03","06:57:40",12262540,"3.2.0","win","PL",240
"2015-05-03","07:02:38",14616,"3.1.0","src","CN",23
"2015-05-03","07:06:55",46720,"3.1.3","win","CN",241
"2015-05-03","07:07:31",139392,"3.2.0","win","IR",221
"2015-05-03","07:06:41",14616,"3.2.0","win","CN",13
"2015-05-03","07:08:30",505440,"3.2.0","win","CN",242
"2015-05-03","07:08:30",2461445,"3.2.0","win","CN",242
"2015-05-03","07:09:04",29125454,"3.2.0","src","JP",243
"2015-05-03","07:09:18",72568681,"3.2.0","osx","BR",244
"2015-05-03","07:10:10",72568681,"3.2.0","osx","US",245
"2015-05-03","07:10:51",45832,"3.2.0","win","CN",15
"2015-05-03","07:44:49",14616,"3.1.3","src","CN",1
"2015-05-03","07:44:51",72080,"3.2.0","win","IL",246
"2015-05-03","07:47:39",40142760,"2.13.1","win","CN",247
"2015-05-03","07:48:55",46720,"3.1.3","win","CN",43
"2015-05-03","07:51:03",314168,"3.2.0","win","PK",248
"2015-05-03","07:51:02",64981312,"3.2.0","win","SG",249
"2015-05-03","07:51:23",64981317,"3.2.0","win","KR",250
"2015-05-03","07:34:49",46486,"3.1.3","win","CN",251
"2015-05-03","07:36:11",4068041,"3.2.0","win","CN",252
"2015-05-03","07:36:09",149657,"3.2.0","win","CN",252
"2015-05-03","07:36:03",121968,"3.2.0","win","CN",252
"2015-05-03","07:36:11",3487289,"3.2.0","win","CN",252
"2015-05-03","07:36:31",64981320,"3.2.0","win","TW",253
"2015-05-03","07:37:09",46720,"3.1.3","win","CN",241
"2015-05-03","07:36:41",14616,"3.2.0","win","CN",13
"2015-05-03","07:37:46",79381,"3.2.0","win","CN",254
"2015-05-03","07:37:17",14616,"3.1.3","src","CN",11
"2015-05-03","07:39:54",64981320,"3.2.0","win","TW",255
"2015-05-03","07:40:54",14617,"3.2.0","win","CN",15
"2015-05-03","07:41:52",64981306,"3.2.0","win","DE",256
"2015-05-03","07:01:26",64981317,"3.2.0","win","US",257
"2015-05-03","07:01:48",37784,"2.14.1","win","CN",9
"2015-05-03","07:01:48",14616,"2.14.1","win","CN",258
"2015-05-03","07:02:49",72568675,"3.2.0","osx","KR",259
"2015-05-03","07:25:27",31992,"3.1.2","src","CN",9
"2015-05-03","07:25:31",33440,"3.1.2","src","CN",9
"2015-05-03","07:26:55",14616,"3.1.1","win","CN",23
"2015-05-03","07:26:48",14617,"3.1.3","win","CN",28
"2015-05-03","07:27:21",64981320,"3.2.0","win","US",260
"2015-05-03","07:28:55",482800,"3.2.0","win","IR",261
"2015-05-03","07:30:45",64981317,"3.2.0","win","TW",262
"2015-05-03","07:31:11",71677017,"3.1.3","osx","FI",263
"2015-05-03","07:31:29",64981319,"3.2.0","win","TW",264
"2015-05-03","07:32:21",33440,"2.14.1","win","CN",9
"2015-05-03","07:32:11",39232,"2.14.1","win","CN",9
"2015-05-03","07:32:15",8181740,"3.2.0","win","JP",265
"2015-05-03","07:32:39",14617,"3.1.0","src","CN",23
"2015-05-03","07:53:51",44013564,"3.2.0","win","TW",266
"2015-05-03","07:53:46",224711,"3.2.0","win","CN",267
"2015-05-03","07:54:24",117566,"3.2.0","win","CN",267
"2015-05-03","07:53:41",64981321,"3.2.0","win","TW",266
"2015-05-03","07:55:34",40680,"3.1.2","src","CN",9
"2015-05-03","07:56:57",14616,"3.1.1","win","CN",23
"2015-05-03","07:56:48",14616,"3.1.3","win","CN",28
"2015-05-03","07:56:47",64981317,"3.2.0","win","IN",268
"2015-05-03","07:58:02",1785882,"3.2.0","win","IN",269
"2015-05-03","07:56:00",45794,"3.2.0","win","CN",270
"2015-05-03","07:57:22",18270327,"3.2.0","win","IN",269
"2015-05-03","07:59:12",20165376,"3.2.0","win","CN",271
"2015-05-03","07:13:51",64981317,"3.2.0","win","PL",272
"2015-05-03","07:13:34",72568681,"3.2.0","osx","IN",273
"2015-05-03","07:14:00",3543485,"3.2.0","win","CN",242
"2015-05-03","07:14:00",2112480,"3.2.0","win","CN",242
"2015-05-03","07:13:49",64981317,"3.2.0","win","RO",274
"2015-05-03","07:13:37",64981317,"3.2.0","win","PH",275
"2015-05-03","07:14:48",14616,"3.1.3","src","CN",1
"2015-05-03","07:18:12",64981317,"3.2.0","win","US",276
"2015-05-03","07:18:55",78840,"3.2.0","win","EU",277
"2015-05-03","07:19:12",64981317,"3.2.0","win","US",278
"2015-05-03","07:20:39",64981311,"3.2.0","win","KE",279
"2015-05-03","07:21:50",64981317,"3.2.0","win","US",280
"2015-05-03","08:14:31",64981320,"3.2.0","win","CN",271
"2015-05-03","08:13:11",64981315,"3.2.0","win","MY",281
"2015-05-03","08:14:51",14616,"3.1.3","src","CN",1
"2015-05-03","08:15:28",64981321,"3.2.0","win","GR",282
"2015-05-03","08:15:23",64981320,"3.2.0","win","DE",283
"2015-05-03","08:15:52",46467,"3.2.0","win","CN",100
"2015-05-03","08:15:32",57475,"3.2.0","win","CN",42
"2015-05-03","08:18:17",78880,"3.2.0","win","IL",284
"2015-05-03","08:20:27",64981317,"3.2.0","win","FR",285
"2015-05-03","08:20:57",64981317,"3.2.0","win","RU",286
"2015-05-03","08:01:53",64981317,"3.2.0","win","CZ",287
"2015-05-03","08:02:26",34888,"2.14.1","win","CN",9
"2015-05-03","08:02:41",34888,"3.1.0","src","CN",23
"2015-05-03","08:03:47",364320,"3.2.0","win","CN",288
"2015-05-03","08:05:19",207320,"3.2.0","win","US",289
"2015-05-03","08:06:43",14616,"3.2.0","win","CN",13
"2015-05-03","08:09:07",77760,"3.2.0","win","CN",288
"2015-05-03","08:09:07",77760,"3.2.0","win","CN",288
"2015-05-03","08:11:26",46720,"3.2.0","win","CN",74
"2015-05-03","08:10:58",45832,"3.2.0","win","CN",15
"2015-05-03","08:11:09",45795,"3.2.0","win","CN",192
"2015-05-03","08:01:04",64981317,"3.2.0","win","GB",290
"2015-05-03","08:01:42",64981317,"3.2.0","win","CH",291
"2015-05-03","08:23:29",64981317,"3.2.0","win","IT",292
"2015-05-03","08:23:44",12727920,"3.2.0","win","US",41
"2015-05-03","08:23:58",312913,"3.2.0","win","VN",293
"2015-05-03","08:24:50",2601180,"3.2.0","win","CN",294
"2015-05-03","08:25:38",64981317,"3.2.0","win","TW",295
"2015-05-03","08:25:50",33440,"3.1.2","src","CN",9
"2015-05-03","08:25:55",34888,"3.1.2","src","CN",9
"2015-05-03","08:27:01",14616,"3.1.1","win","CN",23
"2015-05-03","08:26:49",14616,"3.1.3","win","CN",28
"2015-05-03","08:27:05",14617,"3.1.1","win","CN",23
"2015-05-03","08:27:47",141120,"3.2.0","win","CN",294
"2015-05-03","08:30:02",14617,"3.1.0","src","CN",61
"2015-05-03","08:30:25",80640,"3.2.0","win","CN",294
"2015-05-03","08:31:45",4131899,"3.2.0","win","CN",296
"2015-05-03","08:31:45",3414049,"3.2.0","win","CN",296
"2015-05-03","08:31:45",4462560,"3.2.0","win","CN",296
"2015-05-03","08:31:35",738720,"3.2.0","win","CN",296
"2015-05-03","08:32:38",37784,"2.14.1","win","CN",9
"2015-05-03","08:32:45",14616,"3.1.0","src","CN",23
"2015-05-03","08:43:03",64981311,"3.2.0","win","ZA",297
"2015-05-03","08:43:02",72568681,"3.2.0","osx","US",298
"2015-05-03","08:44:19",12491672,"3.2.0","win","US",41
"2015-05-03","08:44:54",14616,"3.1.3","src","CN",1
"2015-05-03","08:45:55",45795,"3.2.0","win","CN",100
"2015-05-03","08:47:15",72568681,"3.2.0","osx","GB",299
"2015-05-03","08:46:10",587458,"3.2.0","win","CN",300
"2015-05-03","08:48:12",64981321,"3.2.0","win","TW",301
"2015-05-03","08:48:32",64981317,"3.2.0","win","MD",302
"2015-05-03","08:49:13",46720,"3.2.0","win","CN",105
"2015-05-03","08:50:10",64981319,"3.2.0","win","DE",303
"2015-05-03","08:50:02",64981321,"3.2.0","win","TW",304
"2015-05-03","08:53:06",60291,"3.2.0","win","CN",305
"2015-05-03","08:54:42",1976091,"3.2.0","win","CN",306
"2015-05-03","08:55:18",64981321,"3.2.0","win","PL",307
"2015-05-03","08:55:21",64981317,"3.2.0","win","RU",308
"2015-05-03","08:55:55",33440,"3.1.2","src","CN",9
"2015-05-03","08:55:51",14617,"3.1.3","win","CN",309
"2015-05-03","08:57:06",14616,"3.1.1","win","CN",23
"2015-05-03","08:56:56",64981317,"3.2.0","win","GB",290
"2015-05-03","08:56:51",14616,"3.1.3","win","CN",28
"2015-05-03","08:57:26",493471,"3.2.0","win","AU",310
"2015-05-03","08:58:10",493680,"3.2.0","win","AU",310
"2015-05-03","08:58:31",780613,"2.15.2","osx","US",311
"2015-05-03","08:59:23",78408,"3.2.0","win","CN",312
"2015-05-03","08:59:07",64981317,"3.2.0","win","FR",313
"2015-05-03","08:59:34",1577408,"3.2.0","win","CN",312
"2015-05-03","08:59:22",77492,"3.2.0","win","CN",312
"2015-05-03","08:59:34",544500,"3.2.0","win","CN",312
"2015-05-03","08:32:33",31992,"2.14.1","win","CN",9
"2015-05-03","08:32:36",33440,"2.14.1","win","CN",9
"2015-05-03","08:33:16",64981317,"3.2.0","win","DE",314
"2015-05-03","08:33:33",72568681,"3.2.0","osx","IT",315
"2015-05-03","08:36:23",64981320,"3.2.0","win","RU",316
"2015-05-03","08:35:47",64981317,"3.2.0","win","IN",317
"2015-05-03","08:36:28",739190,"3.2.0","win","FR",318
"2015-05-03","08:37:03",64981306,"3.2.0","win","FI",319
"2015-05-03","08:37:33",64981321,"3.2.0","win","IN",320
"2015-05-03","08:36:43",46468,"3.2.0","win","CN",13
"2015-05-03","08:38:08",64981317,"3.2.0","win","FR",318
"2015-05-03","08:40:06",45795,"3.1.3","win","CN",321
"2015-05-03","08:41:00",45832,"3.2.0","win","CN",15
"2015-05-03","08:41:00",56700,"3.2.0","win","CN",42
"2015-05-03","09:32:47",14616,"3.1.0","src","CN",23
"2015-05-03","09:33:02",30544,"2.14.1","win","CN",9
"2015-05-03","09:33:34",64981317,"3.2.0","win","FR",322
"2015-05-03","09:35:06",396196,"3.2.0","win","IR",323
"2015-05-03","09:35:44",64981317,"3.2.0","win","HK",324
"2015-05-03","09:36:38",64981317,"3.2.0","win","DE",325
"2015-05-03","09:36:47",14616,"3.2.0","win","CN",13
"2015-05-03","09:36:30",14616,"3.1.3","win","CN",14
"2015-05-03","09:37:07",64981317,"3.2.0","win","GB",326
"2015-05-03","09:37:29",64981317,"3.2.0","win","GE",327
"2015-05-03","09:38:19",348615,"3.2.0","win","IR",323
"2015-05-03","09:40:15",14698596,"3.2.0","win","DE",325
"2015-05-03","09:39:19",64981317,"3.2.0","win","KR",328
"2015-05-03","09:41:02",45018,"3.2.0","win","CN",15
"2015-05-03","09:42:18",64981317,"3.2.0","win","NL",329
"2015-05-03","09:23:06",64981321,"3.2.0","win","CN",330
"2015-05-03","09:25:45",64981317,"3.2.0","win","SG",331
"2015-05-03","09:25:59",64981317,"3.2.0","win","GR",332
"2015-05-03","09:26:01",34888,"3.1.2","src","CN",9
"2015-05-03","09:26:08",78510,"3.2.0","win","IN",333
"2015-05-03","09:26:02",14616,"3.1.2","src","CN",9
"2015-05-03","09:27:07",14616,"3.1.1","win","CN",23
"2015-05-03","09:26:52",14616,"3.1.3","win","CN",28
"2015-05-03","09:27:54",126432,"3.2.0","win","CN",334
"2015-05-03","09:28:03",427040,"3.2.0","win","CN",334
"2015-05-03","09:28:03",355500,"3.2.0","win","CN",334
"2015-05-03","09:28:03",382700,"3.2.0","win","CN",334
"2015-05-03","09:29:44",64981320,"3.2.0","win","GR",335
"2015-05-03","09:31:01",72568681,"3.2.0","osx","US",336
"2015-05-03","09:53:45",79200,"3.2.0","win","CN",337
"2015-05-03","09:53:43",194400,"3.2.0","win","CN",337
"2015-05-03","09:53:58",1493280,"3.2.0","win","CN",337
"2015-05-03","09:54:09",186880,"3.2.0","win","CN",338
"2015-05-03","09:54:27",64981321,"3.2.0","win","TH",339
"2015-05-03","09:54:20",64981317,"3.2.0","win","TW",340
"2015-05-03","09:54:50",11994440,"3.2.0","win","CN",338
"2015-05-03","09:55:52",64981321,"3.2.0","win","TR",341
"2015-05-03","09:56:05",34888,"3.1.2","src","CN",9
"2015-05-03","09:56:16",64981306,"3.2.0","win","IT",342
"2015-05-03","09:57:03",64981321,"3.2.0","win","HR",343
"2015-05-03","09:56:53",14616,"3.1.3","win","CN",28
"2015-05-03","09:56:59",289440,"3.2.0","win","CN",344
"2015-05-03","09:56:59",203580,"3.2.0","win","CN",344
"2015-05-03","09:56:54",78300,"3.2.0","win","CN",344
"2015-05-03","09:56:59",286560,"3.2.0","win","CN",344
"2015-05-03","09:56:56",64981317,"3.2.0","win","PL",345
"2015-05-03","09:57:10",14616,"3.1.1","win","CN",23
"2015-05-03","09:13:26",64981320,"3.2.0","win","TW",346
"2015-05-03","09:14:38",3242066,"3.2.0","win","DE",347
"2015-05-03","09:14:56",14616,"3.1.3","src","CN",1
"2015-05-03","09:15:45",64981317,"3.2.0","win","DE",347
"2015-05-03","09:18:14",64981317,"3.2.0","win","IT",348
"2015-05-03","09:19:58",2025893,"3.0.3","osx","FR",211
"2015-05-03","09:19:18",45793,"3.2.0","win","CN",105
"2015-05-03","09:19:43",14616,"3.1.0","src","CN",349
"2015-05-03","09:02:46",34888,"3.1.0","src","CN",23
"2015-05-03","09:02:41",40680,"2.14.1","win","CN",9
"2015-05-03","09:03:56",14162888,"3.2.0","win","DE",350
"2015-05-03","09:05:56",58140,"3.2.0","win","US",351
"2015-05-03","09:06:58",64981312,"3.2.0","win","GB",352
"2015-05-03","09:06:45",14616,"3.2.0","win","CN",13
"2015-05-03","09:07:57",64981317,"3.2.0","win","NL",353
"2015-05-03","09:10:20",14616,"3.1.3","win","CN",354
"2015-05-03","09:11:01",45018,"3.2.0","win","CN",15
"2015-05-03","09:42:45",29125454,"3.2.0","src","CN",355
"2015-05-03","09:44:56",14616,"3.1.3","src","CN",1
"2015-05-03","09:46:04",64981320,"3.2.0","win","HK",356
"2015-05-03","09:46:55",64981320,"3.2.0","win","NL",357
"2015-05-03","09:50:04",64981320,"3.2.0","win","HR",358
"2015-05-03","09:49:54",64981320,"3.2.0","win","MD",359
"2015-05-03","09:51:41",527,"3.2.0","src","CN",51
"2015-05-03","09:49:47",14616,"3.1.0","src","CN",46
"2015-05-03","09:51:36",64981321,"3.2.0","win","SG",331
"2015-05-03","09:00:15",64981317,"3.2.0","win","CN",300
"2015-05-03","10:32:31",5039920,"3.2.0","win","BR",360
"2015-05-03","10:33:02",14616,"3.1.0","src","CN",23
"2015-05-03","10:33:24",14616,"2.14.1","win","CN",9
"2015-05-03","10:33:39",64981317,"3.2.0","win","JP",361
"2015-05-03","10:34:44",64981317,"3.2.0","win","GB",362
"2015-05-03","10:35:03",64981317,"3.2.0","win","TW",363
"2015-05-03","10:35:44",28656468,"3.1.2","src","CN",364
"2015-05-03","10:36:49",14616,"3.2.0","win","CN",13
"2015-05-03","10:37:45",64981317,"3.2.0","win","FR",365
"2015-05-03","10:41:05",45018,"3.2.0","win","CN",15
"2015-05-03","10:41:49",72568681,"3.2.0","osx","IT",366
"2015-05-03","10:54:16",64981321,"3.2.0","win","IN",367
"2015-05-03","10:54:25",64981312,"3.2.0","win","GB",368
"2015-05-03","10:54:53",64981318,"3.2.0","win","SE",369
"2015-05-03","10:55:24",337460,"3.2.0","win","CN",370
"2015-05-03","10:55:27",78316,"3.2.0","win","CN",371
"2015-05-03","10:55:27",168012,"3.2.0","win","CN",370
"2015-05-03","10:55:29",131040,"3.2.0","win","CN",371
"2015-05-03","10:55:36",184320,"3.2.0","win","CN",371
"2015-05-03","10:55:36",156060,"3.2.0","win","CN",371
"2015-05-03","10:56:06",72568681,"3.2.0","osx","BE",372
"2015-05-03","10:56:35",64981317,"3.2.0","win","RU",373
"2015-05-03","10:56:45",33440,"3.1.2","src","CN",9
"2015-05-03","10:57:25",31992,"3.1.1","win","CN",23
"2015-05-03","10:56:56",14616,"3.1.3","win","CN",28
"2015-05-03","10:58:17",583685,"3.2.0","osx","DE",374
"2015-05-03","10:58:54",64981317,"3.2.0","win","CH",375
"2015-05-03","10:24:25",57097900,"3.1.3","win","DE",376
"2015-05-03","10:24:18",64981317,"3.2.0","win","DE",377
"2015-05-03","10:25:08",136080,"3.2.0","win","IR",378
"2015-05-03","10:25:05",57097900,"3.1.3","win","DE",376
"2015-05-03","10:25:41",72568681,"3.2.0","osx","AO",379
"2015-05-03","10:26:28",76860,"3.2.0","win","CN",380
"2015-05-03","10:26:28",77760,"3.2.0","win","CN",380
"2015-05-03","10:26:32",34888,"3.1.2","src","CN",9
"2015-05-03","10:26:28",76860,"3.2.0","win","CN",380
"2015-05-03","10:26:42",31992,"3.1.2","src","CN",9
"2015-05-03","10:26:29",77760,"3.2.0","win","CN",380
"2015-05-03","10:26:55",14616,"3.1.3","win","CN",28
"2015-05-03","10:27:19",34888,"3.1.1","win","CN",23
"2015-05-03","10:27:16",14616,"3.1.1","win","CN",23
"2015-05-03","10:27:23",34888,"3.1.1","win","CN",23
"2015-05-03","10:28:07",16394340,"3.2.0","win","JP",381
"2015-05-03","10:29:07",64981306,"3.2.0","win","ES",382
"2015-05-03","10:31:01",64981320,"3.2.0","win","NG",383
"2015-05-03","10:30:18",72568681,"3.2.0","osx","RO",384
"2015-05-03","10:32:06",14616,"2.14.1","win","CN",77
"2015-05-03","10:33:06",33441,"3.1.0","src","CN",23
"2015-05-03","10:33:10",14616,"3.1.0","src","CN",23
"2015-05-03","10:42:03",64981312,"3.2.0","win","DE",385
"2015-05-03","10:43:16",64981321,"3.2.0","win","AU",386
"2015-05-03","10:43:38",59433248,"3.2.0","win","JP",387
"2015-05-03","10:42:57",64981320,"3.2.0","win","DE",388
"2015-05-03","10:45:00",14616,"3.1.3","src","CN",1
"2015-05-03","10:45:27",64981321,"3.2.0","win","IN",389
"2015-05-03","10:45:58",72568681,"3.2.0","osx","DE",390
"2015-05-03","10:46:53",71677017,"3.1.3","osx","AU",391
"2015-05-03","10:51:59",64981321,"3.2.0","win","DE",392
"2015-05-03","10:02:26",64981317,"3.2.0","win","TW",393
"2015-05-03","10:01:38",122423,"3.2.0","win","JP",381
"2015-05-03","10:02:49",46336,"3.1.0","src","CN",23
"2015-05-03","10:03:04",34888,"2.14.1","win","CN",9
"2015-05-03","10:04:15",64981320,"3.2.0","win","BY",394
"2015-05-03","10:05:01",64981320,"3.2.0","win","CN",395
"2015-05-03","10:06:47",14617,"3.2.0","win","CN",13
"2015-05-03","10:09:07",77916,"3.2.0","win","SG",396
"2015-05-03","10:09:17",126531,"3.2.0","win","PK",189
"2015-05-03","10:09:10",4523617,"3.2.0","win","SG",396
"2015-05-03","10:09:57",72568675,"3.2.0","osx","GB",397
"2015-05-03","10:09:51",64981317,"3.2.0","win","RU",398
"2015-05-03","10:10:34",72568675,"3.2.0","osx","KR",399
"2015-05-03","10:11:03",45018,"3.2.0","win","CN",15
"2015-05-03","10:11:24",143080,"3.2.0","win","IN",400
"2015-05-03","10:14:19",64981320,"3.2.0","win","TW",401
"2015-05-03","10:14:56",64981320,"3.2.0","win","NO",402
"2015-05-03","10:14:58",14616,"3.1.3","src","CN",1
"2015-05-03","10:15:30",64981320,"3.2.0","win","ES",403
"2015-05-03","10:15:41",64981317,"3.2.0","win","AU",404
"2015-05-03","10:17:59",64981317,"3.2.0","win","ES",405
"2015-05-03","10:19:34",64981320,"3.2.0","win","FI",406
"2015-05-03","10:19:15",11226601,"3.2.0","win","ES",403
"2015-05-03","10:19:47",64981317,"3.2.0","win","KR",407
"2015-05-03","10:21:45",72400,"3.0.1","src","FR",408
"2015-05-03","11:22:40",28656468,"3.1.2","src","JP",409
"2015-05-03","11:22:11",64981317,"3.2.0","win","KR",410
"2015-05-03","11:21:20",5409523,"3.2.0","win","JP",411
"2015-05-03","11:23:49",64981320,"3.2.0","win","HU",412
"2015-05-03","11:24:06",1961065,"3.2.0","win","CN",413
"2015-05-03","11:23:54",77553,"3.2.0","win","CN",413
"2015-05-03","11:24:06",2227680,"3.2.0","win","CN",413
"2015-05-03","11:24:06",2814299,"3.2.0","win","CN",413
"2015-05-03","11:25:47",64981317,"3.2.0","win","AE",414
"2015-05-03","11:26:48",34888,"3.1.2","src","CN",9
"2015-05-03","11:26:39",64981317,"3.2.0","win","ES",415
"2015-05-03","11:27:45",64981317,"3.2.0","win","DE",416
"2015-05-03","11:26:57",14616,"3.1.3","win","CN",28
"2015-05-03","11:27:27",14616,"3.1.1","win","CN",23
"2015-05-03","11:28:36",14616,"3.1.3","win","CN",128
"2015-05-03","11:30:13",64981317,"3.2.0","win","RU",417
"2015-05-03","11:30:53",64981317,"3.2.0","win","CZ",418
"2015-05-03","11:30:07",14617,"3.1.0","src","CN",61
"2015-05-03","11:31:20",64981317,"3.2.0","win","FR",419
"2015-05-03","11:53:44",46720,"3.1.3","win","CN",43
"2015-05-03","11:54:33",64981317,"3.2.0","win","CZ",420
"2015-05-03","11:54:41",64981319,"3.2.0","win","EG",421
"2015-05-03","11:53:50",46720,"3.2.0","win","CN",116
"2015-05-03","11:56:58",46336,"3.1.3","win","CN",28
"2015-05-03","11:56:31",46720,"3.2.0","win","CN",270
"2015-05-03","11:57:29",33440,"3.1.1","win","CN",23
"2015-05-03","11:56:52",31992,"3.1.2","src","CN",9
"2015-05-03","11:03:11",14616,"3.1.0","src","CN",23
"2015-05-03","11:03:27",34888,"2.14.1","win","CN",9
"2015-05-03","11:05:48",64981317,"3.2.0","win","TW",422
"2015-05-03","11:04:51",45791,"3.1.3","win","CN",251
"2015-05-03","11:06:43",63000,"3.2.0","win","TN",423
"2015-05-03","11:06:50",14616,"3.2.0","win","CN",13
"2015-05-03","11:07:47",64981320,"3.2.0","win","AT",424
"2015-05-03","11:11:21",29125448,"3.2.0","src","TN",423
"2015-05-03","11:11:09",14617,"3.2.0","win","CN",15
"2015-05-03","11:45:21",29125448,"3.2.0","src","JP",425
"2015-05-03","11:45:03",14616,"3.1.3","src","CN",1
"2015-05-03","11:46:15",64981317,"3.2.0","win","DE",426
"2015-05-03","11:45:37",66931,"3.2.0","win","CN",427
"2015-05-03","11:47:19",72568681,"3.2.0","osx","TW",428
"2015-05-03","11:48:30",64981320,"3.2.0","win","DE",429
"2015-05-03","11:51:01",7400292,"3.2.0","win","GB",430
"2015-05-03","11:51:01",11704068,"3.2.0","win","GB",430
"2015-05-03","11:51:01",2647500,"3.2.0","win","GB",430
"2015-05-03","11:51:01",4018552,"3.2.0","win","GB",430
"2015-05-03","11:31:29",2241504,"3.2.0","win","CA",431
"2015-05-03","11:33:12",39232,"3.1.0","src","CN",23
"2015-05-03","11:33:59",33440,"2.14.1","win","CN",9
"2015-05-03","11:33:52",33440,"2.14.1","win","CN",9
"2015-05-03","11:35:58",64981317,"3.2.0","win","IT",432
"2015-05-03","11:35:20",385979,"3.2.0","win","KR",433
"2015-05-03","11:35:24",64981320,"3.2.0","win","KR",433
"2015-05-03","11:36:18",71677017,"3.1.3","osx","BE",434
"2015-05-03","11:36:37",64981321,"3.2.0","win","HU",435
"2015-05-03","11:36:52",14616,"3.2.0","win","CN",13
"2015-05-03","11:37:35",64981319,"3.2.0","win","ZA",436
"2015-05-03","11:38:00",64981320,"3.2.0","win","IT",432
"2015-05-03","11:39:06",64981317,"3.2.0","win","US",437
"2015-05-03","11:39:26",21413234,"3.2.0","win","QA",438
"2015-05-03","11:40:40",14617,"3.1.3","win","CN",130
"2015-05-03","11:40:11",45792,"3.1.3","win","CN",321
"2015-05-03","11:41:11",44355,"3.2.0","win","CN",15
"2015-05-03","11:41:47",64981320,"3.2.0","win","US",437
"2015-05-03","11:40:49",14617,"3.1.1","win","CN",150
"2015-05-03","11:13:50",64981317,"3.2.0","win","SG",439
"2015-05-03","11:13:31",5410760,"3.2.0","win","SG",439
"2015-05-03","11:13:34",7658238,"3.2.0","win","SG",439
"2015-05-03","11:14:18",64981317,"3.2.0","win","US",440
"2015-05-03","11:15:02",14616,"3.1.3","src","CN",1
"2015-05-03","11:16:23",72568685,"3.2.0","osx","BE",434
"2015-05-03","11:17:05",77908,"3.2.0","win","IL",441
"2015-05-03","11:17:21",64981317,"3.2.0","win","DE",442
"2015-05-03","11:19:25",319200,"3.2.0","win","DZ",443
"2015-05-03","11:20:43",46720,"3.1.3","win","CN",444
"2015-05-03","11:20:08",14616,"3.1.0","src","CN",46
"2015-05-03","11:20:57",64981312,"3.2.0","win","JP",445
"2015-05-03","11:21:56",77805,"3.2.0","win","IR",446
"2015-05-03","11:01:47",64981317,"3.2.0","win","AT",424
"2015-05-03","12:31:27",64981317,"3.2.0","win","AU",447
"2015-05-03","12:33:17",34888,"3.1.0","src","CN",23
"2015-05-03","12:33:47",64981321,"3.2.0","win","KR",448
"2015-05-03","12:34:10",29125454,"3.2.0","src","TW",449
"2015-05-03","12:34:20",33440,"2.14.1","win","CN",9
"2015-05-03","12:33:47",174240,"3.2.0","win","MA",450
"2015-05-03","12:35:01",64981317,"3.2.0","win","TW",451
"2015-05-03","12:34:14",46720,"2.14.1","win","CN",9
"2015-05-03","12:36:09",60291,"3.2.0","win","CN",452
"2015-05-03","12:36:13",64981320,"3.2.0","win","TW",453
"2015-05-03","12:36:55",14617,"3.2.0","win","CN",13
"2015-05-03","12:36:46",64981317,"3.2.0","win","US",454
"2015-05-03","12:36:33",14617,"3.1.3","win","CN",14
"2015-05-03","12:38:39",67727445,"3.1.3","osx","US",455
"2015-05-03","12:38:01",68373,"3.2.0","win","JP",456
"2015-05-03","12:39:14",82536,"3.1.2","src","CN",457
"2015-05-03","12:39:30",72568681,"3.2.0","osx","US",455
"2015-05-03","12:01:12",48683508,"3.2.0","win","BR",360
"2015-05-03","12:01:42",64981317,"3.2.0","win","ES",458
"2015-05-03","12:02:02",64981317,"3.2.0","win","JP",459
"2015-05-03","12:03:13",14616,"3.1.0","src","CN",23
"2015-05-03","12:04:35",64981317,"3.2.0","win","RU",460
"2015-05-03","12:04:24",64981317,"3.2.0","win","TW",461
"2015-05-03","12:04:02",34888,"2.14.1","win","CN",9
"2015-05-03","12:05:33",29125448,"3.2.0","src","AU",462
"2015-05-03","12:06:39",64981321,"3.2.0","win","RO",463
"2015-05-03","12:06:54",14616,"3.2.0","win","CN",13
"2015-05-03","12:07:00",64981321,"3.2.0","win","DE",464
"2015-05-03","12:07:41",34291259,"3.2.0","win","JP",459
"2015-05-03","12:08:23",64981317,"3.2.0","win","KR",465
"2015-05-03","12:08:15",78840,"3.2.0","win","IN",466
"2015-05-03","12:09:09",801318,"3.2.0","win","IN",467
"2015-05-03","12:09:51",4368752,"3.2.0","win","IN",466
"2015-05-03","12:10:49",64981317,"3.2.0","win","NG",468
"2015-05-03","12:51:12",28656462,"3.1.2","src","CN",457
"2015-05-03","12:51:12",28656462,"3.1.2","src","DE",469
"2015-05-03","12:51:31",64981317,"3.2.0","win","FI",470
"2015-05-03","12:53:51",72568675,"3.2.0","osx","DE",471
"2015-05-03","12:55:27",72568681,"3.2.0","osx","AU",472
"2015-05-03","12:56:23",64981312,"3.2.0","win","GB",473
"2015-05-03","12:56:56",36337,"3.1.2","src","CN",9
"2015-05-03","12:57:20",64981317,"3.2.0","win","MK",474
"2015-05-03","12:57:15",1672967,"3.2.0","src","US",475
"2015-05-03","12:57:15",29125454,"3.2.0","src","IN",476
"2015-05-03","12:57:31",14616,"3.1.1","win","CN",23
"2015-05-03","12:57:01",14617,"3.1.3","win","CN",28
"2015-05-03","12:57:32",54018359,"3.0.0","win","LK",477
"2015-05-03","12:59:25",64981317,"3.2.0","win","DE",478
"2015-05-03","12:23:18",12758123,"3.2.0","win","US",57
"2015-05-03","12:23:19",25410445,"2.15.3","src","TW",479
"2015-05-03","12:24:03",13565,"3.2.0","win","CN",116
"2015-05-03","12:23:50",64981320,"3.2.0","win","CN",480
"2015-05-03","12:26:43",45794,"3.2.0","win","CN",270
"2015-05-03","12:27:01",14616,"3.1.3","win","CN",28
"2015-05-03","12:26:54",34888,"3.1.2","src","CN",9
"2015-05-03","12:27:30",14616,"3.1.1","win","CN",23
"2015-05-03","12:28:39",64981317,"3.2.0","win","FR",481
"2015-05-03","12:28:39",5680239,"3.2.0","win","CN",482
"2015-05-03","12:30:34",56283341,"3.1.0","win","US",454
"2015-05-03","12:11:12",45832,"3.2.0","win","CN",15
"2015-05-03","12:11:09",64981312,"3.2.0","win","SE",483
"2015-05-03","12:11:18",64981317,"3.2.0","win","KR",484
"2015-05-03","12:12:50",72568675,"3.2.0","osx","US",485
"2015-05-03","12:13:20",64981317,"3.2.0","win","DE",486
"2015-05-03","12:13:05",64981317,"3.2.0","win","GB",487
"2015-05-03","12:14:03",8680812,"3.2.0","win","IN",467
"2015-05-03","12:14:26",66776,"3.2.0","win","CN",488
"2015-05-03","12:15:05",14616,"3.1.3","src","CN",1
"2015-05-03","12:15:21",77315,"3.2.0","win","IL",489
"2015-05-03","12:17:00",80640,"3.2.0","win","CN",490
"2015-05-03","12:17:04",80640,"3.2.0","win","CN",490
"2015-05-03","12:17:14",79739,"3.2.0","win","CN",491
"2015-05-03","12:20:24",64981317,"3.2.0","win","GB",492
"2015-05-03","12:40:36",5470620,"3.2.0","win","JP",456
"2015-05-03","12:41:09",46720,"3.2.0","win","CN",176
"2015-05-03","12:41:14",45832,"3.2.0","win","CN",15
"2015-05-03","12:41:39",1253220,"3.2.0","win","CN",493
"2015-05-03","12:41:39",1301400,"3.2.0","win","CN",493
"2015-05-03","12:42:23",2867579,"3.2.0","win","US",494
"2015-05-03","12:43:04",64981312,"3.2.0","win","DE",495
"2015-05-03","12:41:39",1792536,"3.2.0","win","CN",493
"2015-05-03","12:44:14",64981317,"3.2.0","win","DE",496
"2015-05-03","12:45:05",14616,"3.1.3","src","CN",1
"2015-05-03","12:45:50",64981317,"3.2.0","win","CA",497
"2015-05-03","12:47:09",28076341,"3.0.3","src","CN",498
"2015-05-03","12:48:07",50821,"3.1.2","src","DE",469
"2015-05-03","12:48:14",64981317,"3.2.0","win","GB",499
"2015-05-03","12:48:53",64981311,"3.2.0","win","US",500
"2015-05-03","12:49:02",64981320,"3.2.0","win","TW",501
"2015-05-03","13:21:35",64981320,"3.2.0","win","CH",502
"2015-05-03","13:24:51",64981317,"3.2.0","win","SG",503
"2015-05-03","13:26:58",14616,"3.1.2","src","CN",9
"2015-05-03","13:27:03",4480,"3.1.3","win","CN",28
"2015-05-03","13:27:33",14616,"3.1.1","win","CN",23
"2015-05-03","13:28:54",88061,"3.2.0","win","CN",504
"2015-05-03","13:29:05",814316,"3.2.0","win","CN",505
"2015-05-03","13:29:05",527040,"3.2.0","win","CN",504
"2015-05-03","13:11:17",14616,"3.2.0","win","CN",15
"2015-05-03","13:12:24",64981320,"3.2.0","win","CH",506
"2015-05-03","13:12:46",64981317,"3.2.0","win","KR",507
"2015-05-03","13:13:04",64981317,"3.2.0","win","US",508
"2015-05-03","13:14:23",64981321,"3.2.0","win","DE",509
"2015-05-03","13:13:53",64981317,"3.2.0","win","NL",510
"2015-05-03","13:13:44",64981317,"3.2.0","win","AU",511
"2015-05-03","13:15:07",14617,"3.1.3","src","CN",1
"2015-05-03","13:16:55",72568681,"3.2.0","osx","US",512
"2015-05-03","13:15:06",5447376,"3.2.0","win","JP",513
"2015-05-03","13:16:38",64981317,"3.2.0","win","RO",514
"2015-05-03","13:18:03",64981321,"3.2.0","win","CH",515
"2015-05-03","13:18:34",64981317,"3.2.0","win","FR",516
"2015-05-03","13:18:41",852351,"3.2.0","win","RU",517
"2015-05-03","13:18:49",64981317,"3.2.0","win","ZA",518
"2015-05-03","13:30:43",14621,"3.2.0","win","CN",482
"2015-05-03","13:30:53",92209,"3.2.0","win","CN",482
"2015-05-03","13:32:06",64981317,"3.2.0","win","PK",519
"2015-05-03","13:32:27",14616,"2.14.1","win","CN",258
"2015-05-03","13:30:02",888264,"3.2.0","win","US",520
"2015-05-03","13:33:43",64981317,"3.2.0","win","FR",521
"2015-05-03","13:33:19",14616,"3.1.0","src","CN",23
"2015-05-03","13:33:38",78302,"3.2.0","osx","DE",522
"2015-05-03","13:33:46",76863,"3.2.0","osx","DE",522
"2015-05-03","13:33:44",79200,"3.2.0","osx","DE",522
"2015-05-03","13:33:59",79200,"3.2.0","osx","DE",522
"2015-05-03","13:34:03",79200,"3.2.0","osx","DE",522
"2015-05-03","13:34:23",34888,"2.14.1","win","CN",9
"2015-05-03","13:33:57",79200,"3.2.0","osx","DE",522
"2015-05-03","13:34:39",78986,"3.2.0","osx","DE",522
"2015-05-03","13:33:33",212995,"3.2.0","osx","DE",522
"2015-05-03","13:35:29",79200,"3.2.0","osx","DE",522
"2015-05-03","13:36:41",64981317,"3.2.0","win","CL",523
"2015-05-03","13:36:32",72568685,"3.2.0","osx","US",524
"2015-05-03","13:36:38",120960,"3.2.0","osx","DE",522
"2015-05-03","13:36:34",79001,"3.2.0","osx","DE",522
"2015-05-03","13:36:58",14616,"3.2.0","win","CN",13
"2015-05-03","13:37:01",79200,"3.2.0","osx","DE",522
"2015-05-03","13:36:51",64981317,"3.2.0","win","CL",523
"2015-05-03","13:37:10",78985,"3.2.0","osx","DE",522
"2015-05-03","13:37:01",75400,"3.2.0","osx","DE",522
"2015-05-03","13:37:09",77577,"3.2.0","osx","DE",522
"2015-05-03","13:37:05",79200,"3.2.0","osx","DE",522
"2015-05-03","13:37:07",78256,"3.2.0","osx","DE",522
"2015-05-03","13:38:19",64981317,"3.2.0","win","UA",525
"2015-05-03","13:37:53",64981317,"3.2.0","win","PL",526
"2015-05-03","13:50:52",64981317,"3.2.0","win","US",527
"2015-05-03","13:51:03",1114223,"3.2.0","win","PL",528
"2015-05-03","13:52:22",64981317,"3.2.0","win","US",529
"2015-05-03","13:52:33",1909380,"3.2.0","win","CN",530
"2015-05-03","13:52:32",2218402,"3.2.0","win","CN",530
"2015-05-03","13:53:23",64981317,"3.2.0","win","ZA",531
"2015-05-03","13:52:32",2357104,"3.2.0","win","CN",530
"2015-05-03","13:53:25",64981321,"3.2.0","win","BE",532
"2015-05-03","13:54:47",64981317,"3.2.0","win","NL",533
"2015-05-03","13:57:01",34888,"3.1.2","src","CN",9
"2015-05-03","13:57:05",14616,"3.1.3","win","CN",28
"2015-05-03","13:57:35",14616,"3.1.1","win","CN",23
"2015-05-03","13:58:38",64981321,"3.2.0","win","FR",534
"2015-05-03","13:59:03",29125448,"3.2.0","src","US",535
"2015-05-03","13:41:19",45832,"3.2.0","win","CN",15
"2015-05-03","13:41:26",71677017,"3.1.3","osx","TW",536
"2015-05-03","13:42:03",64981320,"3.2.0","win","UA",525
"2015-05-03","13:41:58",72568684,"3.2.0","osx","CH",537
"2015-05-03","13:41:46",712248,"3.2.0","win","US",538
"2015-05-03","13:42:40",64981312,"3.2.0","win","PE",539
"2015-05-03","13:41:21",72568681,"3.2.0","osx","HK",540
"2015-05-03","13:43:21",64981320,"3.2.0","win","SG",541
"2015-05-03","13:43:44",64981321,"3.2.0","win","FR",542
"2015-05-03","13:43:41",72568681,"3.2.0","osx","IT",543
"2015-05-03","13:44:34",64981317,"3.2.0","win","RU",544
"2015-05-03","13:45:07",14616,"3.1.3","src","CN",1
"2015-05-03","13:45:20",72568684,"3.2.0","osx","DE",545
"2015-05-03","13:46:00",64981311,"3.2.0","win","US",546
"2015-05-03","13:46:20",29125448,"3.2.0","src","PL",547
"2015-05-03","13:46:23",46720,"3.1.3","win","CN",178
"2015-05-03","13:46:00",64981320,"3.2.0","win","US",548
"2015-05-03","13:46:23",64981317,"3.2.0","win","TW",549
"2015-05-03","13:00:01",14616,"3.1.3","src","CN",59
"2015-05-03","13:01:42",64981321,"3.2.0","win","ES",550
"2015-05-03","13:03:19",37784,"3.1.0","src","CN",23
"2015-05-03","13:04:21",34888,"2.14.1","win","CN",9
"2015-05-03","13:04:27",64981317,"3.2.0","win","TW",551
"2015-05-03","13:05:04",64981317,"3.2.0","win","CO",552
"2015-05-03","13:05:37",1448712,"3.2.0","win","CN",553
"2015-05-03","13:05:37",1972564,"3.2.0","win","CN",553
"2015-05-03","13:05:37",1647804,"3.2.0","win","CN",553
"2015-05-03","13:05:37",2167420,"3.2.0","win","CN",553
"2015-05-03","13:06:57",14616,"3.2.0","win","CN",13
"2015-05-03","14:00:24",64981320,"3.2.0","win","TW",554
"2015-05-03","14:00:48",64981317,"3.2.0","win","DE",555
"2015-05-03","14:02:46",14616,"2.14.1","win","CN",258
"2015-05-03","14:02:58",79200,"3.2.0","win","CN",556
"2015-05-03","14:03:05",64981317,"3.2.0","win","NL",557
"2015-05-03","14:03:28",77760,"3.2.0","win","CN",558
"2015-05-03","14:03:13",64981321,"3.2.0","win","TW",559
"2015-05-03","14:03:21",14616,"3.1.0","src","CN",23
"2015-05-03","14:04:12",64981321,"3.2.0","win","TW",560
"2015-05-03","14:04:25",34888,"2.14.1","win","CN",9
"2015-05-03","14:04:27",17523065,"3.2.0","win","TW",560
"2015-05-03","14:05:48",79011,"3.2.0","win","CN",561
"2015-05-03","14:06:59",14616,"3.2.0","win","CN",13
"2015-05-03","14:09:06",64981320,"3.2.0","win","NL",557
"2015-05-03","14:20:48",46720,"3.1.3","win","CN",444
"2015-05-03","14:21:44",64981317,"3.2.0","win","US",562
"2015-05-03","14:20:16",14616,"3.1.0","src","CN",46
"2015-05-03","14:23:07",64981317,"3.2.0","win","TW",563
"2015-05-03","14:23:02",64981317,"3.2.0","win","FR",564
"2015-05-03","14:23:55",72568675,"3.2.0","osx","US",565
"2015-05-03","14:24:28",64981317,"3.2.0","win","US",566
"2015-05-03","14:24:44",64981319,"3.2.0","win","TW",567
"2015-05-03","14:26:10",64981320,"3.2.0","win","TW",568
"2015-05-03","14:27:11",29125448,"3.2.0","src","CO",569
"2015-05-03","14:27:03",14616,"3.1.2","src","CN",9
"2015-05-03","14:27:10",64981317,"3.2.0","win","KR",570
"2015-05-03","14:27:41",64981317,"3.2.0","win","IL",571
"2015-05-03","14:27:07",14616,"3.1.3","win","CN",28
"2015-05-03","14:27:36",14616,"3.1.1","win","CN",23
"2015-05-03","14:28:50",656640,"3.2.0","win","CN",572
"2015-05-03","14:28:54",64981320,"3.2.0","win","IL",571
"2015-05-03","14:29:01",10164000,"3.2.0","win","TW",567
"2015-05-03","14:29:17",64981317,"3.2.0","win","DE",573
"2015-05-03","14:29:17",210032,"3.2.0","win","CN",572
"2015-05-03","14:29:38",9804960,"3.2.0","osx","GB",574
"2015-05-03","14:30:08",14616,"3.1.0","src","CN",61
"2015-05-03","14:33:23",14616,"3.1.0","src","CN",23
"2015-05-03","14:34:28",14616,"2.14.1","win","CN",9
"2015-05-03","14:34:48",64981320,"3.2.0","win","CH",575
"2015-05-03","14:35:55",64981317,"3.2.0","win","TR",576
"2015-05-03","14:35:55",225665,"3.2.0","win","CN",577
"2015-05-03","14:36:38",827098,"3.2.0","win","CN",578
"2015-05-03","14:37:01",14616,"3.2.0","win","CN",13
"2015-05-03","14:37:05",72568681,"3.2.0","osx","JP",579
"2015-05-03","14:37:46",25410451,"2.15.3","src","TW",479
"2015-05-03","14:37:44",64981317,"3.2.0","win","NL",580
"2015-05-03","14:38:22",64981317,"3.2.0","win","JO",581
"2015-05-03","14:38:53",9524944,"3.2.0","win","US",494
"2015-05-03","14:10:58",46486,"3.1.3","win","CN",354
"2015-05-03","14:11:21",14616,"3.2.0","win","CN",15
"2015-05-03","14:12:51",64981317,"3.2.0","win","ZA",582
"2015-05-03","14:14:36",64981312,"3.2.0","win","NO",583
"2015-05-03","14:14:13",29125448,"3.2.0","src","PT",584
"2015-05-03","14:15:17",64981317,"3.2.0","win","JP",585
"2015-05-03","14:15:07",14616,"3.1.3","src","CN",1
"2015-05-03","14:16:12",1772892,"3.2.0","win","CN",586
"2015-05-03","14:15:59",78916,"3.2.0","win","CN",586
"2015-05-03","14:16:09",72568681,"3.2.0","osx","KR",587
"2015-05-03","14:39:45",529178,"3.2.0","win","US",588
"2015-05-03","14:40:08",64981317,"3.2.0","win","US",589
"2015-05-03","14:40:14",46467,"3.1.3","win","CN",321
"2015-05-03","14:40:34",77760,"3.2.0","win","CN",590
"2015-05-03","14:40:45",4360454,"3.2.0","win","CN",590
"2015-05-03","14:40:45",4916814,"3.2.0","win","CN",590
"2015-05-03","14:40:36",115430,"3.2.0","win","CN",590
"2015-05-03","14:40:32",72568681,"3.2.0","osx","US",591
"2015-05-03","14:41:23",45832,"3.2.0","win","CN",15
"2015-05-03","14:41:44",64981321,"3.2.0","win","TW",592
"2015-05-03","14:43:15",64981317,"3.2.0","win","EE",593
"2015-05-03","14:44:31",72568681,"3.2.0","osx","DE",594
"2015-05-03","14:44:26",29125448,"3.2.0","src","GB",595
"2015-05-03","14:44:55",29125456,"3.2.0","src","GB",595
"2015-05-03","14:45:09",14616,"3.1.3","src","CN",1
"2015-05-03","14:45:55",64981317,"3.2.0","win","MX",596
"2015-05-03","14:46:50",64981320,"3.2.0","win","FR",597
"2015-05-03","14:46:41",64981321,"3.2.0","win","PL",598
"2015-05-03","14:47:17",64981317,"3.2.0","win","GB",595
"2015-05-03","14:47:57",15842038,"3.2.0","win","US",588
"2015-05-03","14:48:44",64981317,"3.2.0","win","IN",599
"2015-05-03","14:49:01",64981317,"3.2.0","win","US",600
"2015-05-03","14:49:12",64981312,"3.2.0","win","DE",601
"2015-05-03","14:49:30",7538755,"3.1.2","src","CN",364
"2015-05-03","14:50:57",64981317,"3.2.0","win","US",602
"2015-05-03","14:53:48",47963,"3.1.3","win","CN",43
"2015-05-03","14:55:37",64981317,"3.2.0","win","CA",603
"2015-05-03","14:57:38",62558,"3.2.0","win","IN",604
"2015-05-03","14:57:05",14616,"3.1.2","src","CN",9
"2015-05-03","14:57:08",14616,"3.1.3","win","CN",28
"2015-05-03","14:57:37",14616,"3.1.1","win","CN",23
"2015-05-03","15:19:40",64981317,"3.2.0","win","US",605
"2015-05-03","15:19:38",72568681,"3.2.0","osx","US",606
"2015-05-03","15:20:37",1103040,"3.2.0","win","IT",607
"2015-05-03","15:21:17",77760,"3.2.0","win","CN",608
"2015-05-03","15:23:38",29125448,"3.2.0","src","TW",609
"2015-05-03","15:23:52",64981318,"3.2.0","win","IT",607
"2015-05-03","15:24:24",72568681,"3.2.0","osx","US",610
"2015-05-03","15:23:56",64981312,"3.2.0","win","US",611
"2015-05-03","15:24:43",64981317,"3.2.0","win","TW",612
"2015-05-03","15:27:07",34889,"3.1.2","src","CN",9
"2015-05-03","15:27:27",45819689,"3.2.0","win","CN",613
"2015-05-03","15:27:10",14616,"3.1.3","win","CN",28
"2015-05-03","15:28:05",64981321,"3.2.0","win","PL",614
"2015-05-03","15:27:39",14616,"3.1.1","win","CN",23
"2015-05-03","15:49:37",72568685,"3.2.0","osx","US",615
"2015-05-03","15:49:53",64981320,"3.2.0","win","CZ",616
"2015-05-03","15:49:37",45792,"3.2.0","win","CN",105
"2015-05-03","15:50:44",6678287,"3.2.0","win","DE",617
"2015-05-03","15:56:13",64981317,"3.2.0","win","US",618
"2015-05-03","15:57:11",14616,"3.1.3","win","CN",28
"2015-05-03","15:57:09",14616,"3.1.2","src","CN",9
"2015-05-03","15:57:40",14616,"3.1.1","win","CN",23
"2015-05-03","15:58:22",64981317,"3.2.0","win","CO",619
"2015-05-03","15:58:14",64981317,"3.2.0","win","BR",620
"2015-05-03","15:27:48",64981317,"3.2.0","win","TH",621
"2015-05-03","15:26:48",46720,"3.2.0","win","CN",270
"2015-05-03","15:31:25",72568675,"3.2.0","osx","BE",622
"2015-05-03","15:31:58",839981,"2.7.0","src","US",311
"2015-05-03","15:33:05",64981317,"3.2.0","win","HT",623
"2015-05-03","15:33:10",14617,"2.14.1","win","CN",258
"2015-05-03","15:33:55",6159740,"3.2.0","win","PL",614
"2015-05-03","15:33:25",14616,"3.1.0","src","CN",23
"2015-05-03","15:34:14",72568681,"3.2.0","osx","IT",624
"2015-05-03","15:34:19",1437871,"3.2.0","win","US",625
"2015-05-03","15:34:33",14616,"2.14.1","win","CN",9
"2015-05-03","15:35:53",64981317,"3.2.0","win","IN",626
"2015-05-03","15:35:50",64981317,"3.2.0","win","US",627
"2015-05-03","15:37:24",64981317,"3.2.0","win","GR",628
"2015-05-03","15:36:35",78880,"3.2.0","win","IL",629
"2015-05-03","15:36:34",46720,"3.1.3","win","CN",14
"2015-05-03","15:37:28",64981319,"3.2.0","win","DE",630
"2015-05-03","15:37:03",14616,"3.2.0","win","CN",13
"2015-05-03","15:38:33",64981317,"3.2.0","win","TW",631
"2015-05-03","15:02:13",71677017,"3.1.3","osx","DE",632
"2015-05-03","15:03:18",64981317,"3.2.0","win","BR",633
"2015-05-03","15:03:24",14616,"3.1.0","src","CN",23
"2015-05-03","15:04:27",79740,"3.2.0","win","CN",634
"2015-05-03","15:04:30",14616,"2.14.1","win","CN",9
"2015-05-03","15:06:47",47958,"3.1.3","win","CN",120
"2015-05-03","15:07:02",91055,"3.2.0","win","CN",13
"2015-05-03","15:07:18",898348,"3.2.0","win","CN",635
"2015-05-03","15:10:07",64981317,"3.2.0","win","DE",636
"2015-05-03","15:11:21",45796,"3.2.0","win","CN",192
"2015-05-03","15:11:25",45020,"3.2.0","win","CN",15
"2015-05-03","15:11:37",612280,"3.2.0","win","US",637
"2015-05-03","15:11:43",45796,"3.2.0","win","CN",74
"2015-05-03","15:12:35",80640,"3.2.0","win","CN",608
"2015-05-03","15:12:34",79740,"3.2.0","win","CN",558
"2015-05-03","15:12:35",80476,"3.2.0","win","CN",638
"2015-05-03","15:12:49",356780,"3.2.0","win","US",637
"2015-05-03","15:12:59",370840,"3.2.0","win","US",637
"2015-05-03","15:13:01",64981317,"3.2.0","win","US",639
"2015-05-03","15:10:53",14616,"3.1.1","win","CN",150
"2015-05-03","15:13:40",346560,"3.2.0","win","US",637
"2015-05-03","15:14:00",64981319,"3.2.0","win","US",640
"2015-05-03","15:14:48",64981317,"3.2.0","win","IL",641
"2015-05-03","15:15:12",14616,"3.1.3","src","CN",1
"2015-05-03","15:16:50",64981317,"3.2.0","win","PE",642
"2015-05-03","15:19:03",64981321,"3.2.0","win","CA",643
"2015-05-03","15:38:36",64981310,"3.2.0","win","TW",631
"2015-05-03","15:38:39",64981310,"3.2.0","win","TW",631
"2015-05-03","15:38:37",64981310,"3.2.0","win","TW",631
"2015-05-03","15:39:49",64981312,"3.2.0","win","KR",644
"2015-05-03","15:41:18",14616,"3.2.0","win","CN",176
"2015-05-03","15:41:28",14616,"3.2.0","win","CN",15
"2015-05-03","15:42:40",64981317,"3.2.0","win","DE",645
"2015-05-03","15:45:13",14616,"3.1.3","src","CN",1
"2015-05-03","15:45:41",64981320,"3.2.0","win","US",625
"2015-05-03","15:45:43",72568675,"3.2.0","osx","US",646
"2015-05-03","15:48:35",64981317,"3.2.0","win","DE",617
"2015-05-03","15:49:17",64981317,"3.2.0","win","US",647
"2015-05-03","16:19:49",72400,"2.3.0","win","FR",408
"2015-05-03","16:20:13",64981312,"3.2.0","win","CA",648
"2015-05-03","16:21:32",72568675,"3.2.0","osx","CN",649
"2015-05-03","16:22:23",64981321,"3.2.0","win","ES",650
"2015-05-03","16:22:49",62436,"3.2.0","win","DE",651
"2015-05-03","16:24:22",6908616,"3.2.0","win","DE",651
"2015-05-03","16:25:17",72568675,"3.2.0","osx","IT",652
"2015-05-03","16:25:41",64981321,"3.2.0","win","ES",653
"2015-05-03","16:26:33",64981317,"3.2.0","win","UA",654
"2015-05-03","16:26:21",64981320,"3.2.0","win","GB",655
"2015-05-03","16:27:12",14616,"3.1.3","win","CN",28
"2015-05-03","16:27:09",14616,"3.1.2","src","CN",9
"2015-05-03","16:27:47",72568681,"3.2.0","osx","GB",656
"2015-05-03","16:27:42",14616,"3.1.1","win","CN",23
"2015-05-03","16:29:00",64981317,"3.2.0","win","US",657
"2015-05-03","16:40:59",64981317,"3.2.0","win","DE",658
"2015-05-03","16:40:26",65007263,"3.2.0patched","win","PL",659
"2015-05-03","16:40:45",72568681,"3.2.0","osx","GB",660
"2015-05-03","16:41:32",14617,"3.2.0","win","CN",15
"2015-05-03","16:43:08",157680,"3.2.0","win","US",661
"2015-05-03","16:42:23",20022541,"3.0.2","osx","US",662
"2015-05-03","16:44:02",5049905,"3.2.0","win","US",661
"2015-05-03","16:45:17",14616,"3.1.3","src","CN",1
"2015-05-03","16:47:34",64981321,"3.2.0","win","GB",663
"2015-05-03","16:48:57",72568681,"3.2.0","osx","HK",664
"2015-05-03","16:08:49",67620,"3.2.0","win","NG",665
"2015-05-03","16:08:54",64981317,"3.2.0","win","FR",666
"2015-05-03","16:10:23",848400,"3.2.0","win","CN",667
"2015-05-03","16:10:41",90029,"3.2.0","win","CN",667
"2015-05-03","16:11:30",14616,"3.2.0","win","CN",15
"2015-05-03","16:11:51",58400,"3.2.0","win","CH",668
"2015-05-03","16:15:15",14617,"3.1.3","src","CN",1
"2015-05-03","16:15:31",14621,"3.1.2","src","CN",669
"2015-05-03","16:16:06",64981317,"3.2.0","win","TW",670
"2015-05-03","16:17:03",389396,"3.2.0","win","MY",671
"2015-05-03","16:17:03",421020,"3.2.0","win","MY",671
"2015-05-03","16:17:03",695520,"3.2.0","win","MY",671
"2015-05-03","16:17:00",192060,"3.2.0","win","MY",671
"2015-05-03","16:18:44",64981317,"3.2.0","win","IN",672
"2015-05-03","16:30:55",64981317,"3.2.0","win","IT",673
"2015-05-03","16:33:12",64981321,"3.2.0","win","DE",674
"2015-05-03","16:33:28",14616,"3.1.0","src","CN",23
"2015-05-03","16:33:23",8700141,"3.1.3","win","TW",563
"2015-05-03","16:34:09",64981312,"3.2.0","win","US",675
"2015-05-03","16:34:49",57097900,"3.1.3","win","TW",567
"2015-05-03","16:34:37",14616,"2.14.1","win","CN",9
"2015-05-03","16:35:58",237980,"3.2.0","win","US",661
"2015-05-03","16:35:53",64981321,"3.2.0","win","DE",676
"2015-05-03","16:37:09",14616,"3.2.0","win","CN",13
"2015-05-03","16:36:25",72568681,"3.2.0","osx","HK",677
"2015-05-03","16:36:39",47958,"3.1.3","win","CN",14
"2015-05-03","16:38:21",64981317,"3.2.0","win","AT",678
"2015-05-03","16:53:10",2948983,"3.2.0","win","IN",599
"2015-05-03","16:55:08",64981321,"3.2.0","win","US",679
"2015-05-03","16:56:36",64981317,"3.2.0","win","GR",680
"2015-05-03","16:57:11",14616,"3.1.2","src","CN",9
"2015-05-03","16:57:44",14616,"3.1.1","win","CN",23
"2015-05-03","16:57:13",14616,"3.1.3","win","CN",28
"2015-05-03","16:59:26",64981317,"3.2.0","win","BA",681
"2015-05-03","16:02:24",64981317,"3.2.0","win","DE",682
"2015-05-03","16:03:27",14616,"3.1.0","src","CN",23
"2015-05-03","16:04:34",14616,"2.14.1","win","CN",9
"2015-05-03","16:05:26",64981317,"3.2.0","win","DO",683
"2015-05-03","16:06:52",64981312,"3.2.0","win","GB",684
"2015-05-03","16:07:11",64981312,"3.2.0","win","US",685
"2015-05-03","16:07:07",14616,"3.2.0","win","CN",13
"2015-05-03","16:07:00",64981317,"3.2.0","win","ES",686
"2015-05-03","16:06:36",47958,"3.1.3","win","CN",14
"2015-05-03","16:07:46",69143,"3.2.0","win","NG",665
"2015-05-03","17:31:31",64981317,"3.2.0","win","US",687
"2015-05-03","17:30:10",14616,"3.1.0","src","CN",61
"2015-05-03","17:34:40",14616,"2.14.1","win","CN",9
"2015-05-03","17:33:30",14616,"3.1.0","src","CN",23
"2015-05-03","17:34:58",72568681,"3.2.0","osx","US",688
"2015-05-03","17:37:20",64981317,"3.2.0","win","DE",689
"2015-05-03","17:37:12",14616,"3.2.0","win","CN",13
"2015-05-03","17:38:54",919085,"3.2.0","win","MY",690
"2015-05-03","17:39:07",237136,"3.2.0","win","MY",690
"2015-05-03","17:40:24",64981317,"3.2.0","win","NL",691
"2015-05-03","17:11:10",64981317,"3.2.0","win","US",692
"2015-05-03","17:11:34",45018,"3.2.0","win","CN",15
"2015-05-03","17:11:29",19482438,"3.2.0","win","US",693
"2015-05-03","17:12:00",64981317,"3.2.0","win","US",694
"2015-05-03","17:14:09",1478893,"3.2.0","win","CN",695
"2015-05-03","17:14:09",4210584,"3.2.0","win","CN",695
"2015-05-03","17:14:09",2785876,"3.2.0","win","CN",695
"2015-05-03","17:14:09",2452644,"3.2.0","win","CN",695
"2015-05-03","17:14:22",28656462,"3.1.2","src","US",696
"2015-05-03","17:15:17",14616,"3.1.3","src","CN",1
"2015-05-03","17:19:23",64981321,"3.2.0","win","DE",697
"2015-05-03","17:19:13",64981317,"3.2.0","win","AE",698
"2015-05-03","17:19:49",64981317,"3.2.0","win","ES",699
"2015-05-03","17:20:02",72568681,"3.2.0","osx","US",700
"2015-05-03","17:01:11",6605040,"3.2.0","win","KR",701
"2015-05-03","17:02:39",64981317,"3.2.0","win","FR",702
"2015-05-03","17:03:30",14616,"3.1.0","src","CN",23
"2015-05-03","17:03:57",64981317,"3.2.0","win","DK",703
"2015-05-03","17:03:34",47876427,"2.14.0","win","KR",701
"2015-05-03","17:04:38",14616,"2.14.1","win","CN",9
"2015-05-03","17:05:22",64981320,"3.2.0","win","CH",704
"2015-05-03","17:05:43",64981317,"3.2.0","win","CO",705
"2015-05-03","17:06:28",64981320,"3.2.0","win","IN",599
"2015-05-03","17:07:51",64981317,"3.2.0","win","JP",706
"2015-05-03","17:07:09",14616,"3.2.0","win","CN",13
"2015-05-03","17:08:17",53797725,"3.2.0","win","US",707
"2015-05-03","17:41:35",14617,"3.2.0","win","CN",15
"2015-05-03","17:42:43",72568681,"3.2.0","osx","GB",708
"2015-05-03","17:44:01",64981317,"3.2.0","win","NL",709
"2015-05-03","17:44:56",64981317,"3.2.0","win","AO",710
"2015-05-03","17:44:49",64981317,"3.2.0","win","DE",711
"2015-05-03","17:45:19",14616,"3.1.3","src","CN",1
"2015-05-03","17:46:00",64981320,"3.2.0","win","HU",712
"2015-05-03","17:45:53",72568685,"3.2.0","osx","US",713
"2015-05-03","17:47:27",64981317,"3.2.0","win","DE",714
"2015-05-03","17:47:28",14621,"3.2.0","win","CN",715
"2015-05-03","17:49:38",64981317,"3.2.0","win","ES",716
"2015-05-03","17:51:30",64981321,"3.2.0","win","GB",717
"2015-05-03","17:51:51",64981317,"3.2.0","win","BR",718
"2015-05-03","17:56:05",64981317,"3.2.0","win","US",719
"2015-05-03","17:57:13",72568681,"3.2.0","osx","US",720
"2015-05-03","17:57:45",64981319,"3.2.0","win","HK",721
"2015-05-03","17:57:12",14617,"3.1.2","src","CN",9
"2015-05-03","17:57:15",14616,"3.1.3","win","CN",28
"2015-05-03","17:57:43",64981317,"3.2.0","win","US",722
"2015-05-03","17:57:47",14616,"3.1.1","win","CN",23
"2015-05-03","17:23:08",29125448,"3.2.0","src","DE",697
"2015-05-03","17:27:11",72568681,"3.2.0","osx","US",723
"2015-05-03","17:27:11",14616,"3.1.2","src","CN",9
"2015-05-03","17:27:45",14616,"3.1.1","win","CN",23
"2015-05-03","17:27:13",14616,"3.1.3","win","CN",28
"2015-05-03","17:30:31",64981317,"3.2.0","win","PL",724
"2015-05-03","18:22:47",64981317,"3.2.0","win","RU",725
"2015-05-03","18:23:01",64981317,"3.2.0","win","US",726
"2015-05-03","18:25:21",64981320,"3.2.0","win","GB",727
"2015-05-03","18:25:25",58400,"3.2.0","win","IN",728
"2015-05-03","18:26:01",72568681,"3.2.0","osx","ES",729
"2015-05-03","18:26:49",72568681,"3.2.0","osx","EC",730
"2015-05-03","18:27:14",14616,"3.1.2","src","CN",9
"2015-05-03","18:27:08",64981312,"3.2.0","win","US",731
"2015-05-03","18:27:17",14616,"3.1.3","win","CN",28
"2015-05-03","18:28:09",72568681,"3.2.0","osx","CH",732
"2015-05-03","18:27:48",14616,"3.1.1","win","CN",23
"2015-05-03","18:29:48",64981320,"3.2.0","win","DE",733
"2015-05-03","18:30:33",64981317,"3.2.0","win","PE",734
"2015-05-03","18:30:40",72568675,"3.2.0","osx","US",735
"2015-05-03","18:30:48",64981317,"3.2.0","win","US",736
"2015-05-03","18:31:52",64981317,"3.2.0","win","MX",737
"2015-05-03","18:31:55",64981319,"3.2.0","win","US",738
"2015-05-03","18:31:58",72568681,"3.2.0","osx","GB",739
"2015-05-03","18:11:38",14616,"3.2.0","win","CN",15
"2015-05-03","18:16:37",64981317,"3.2.0","win","MD",740
"2015-05-03","18:15:20",14616,"3.1.3","src","CN",1
"2015-05-03","18:19:54",29125454,"3.2.0","src","ES",741
"2015-05-03","18:21:11",64981318,"3.2.0","win","DE",742
"2015-05-03","18:21:57",64981317,"3.2.0","win","RU",743
"2015-05-03","18:22:22",64981317,"3.2.0","win","HR",744
"2015-05-03","18:02:36",64981317,"3.2.0","win","IN",745
"2015-05-03","18:03:32",14616,"3.1.0","src","CN",23
"2015-05-03","18:05:01",64981317,"3.2.0","win","CO",746
"2015-05-03","18:04:42",14616,"2.14.1","win","CN",9
"2015-05-03","18:07:12",46467,"3.2.0","win","CN",13
"2015-05-03","18:09:27",64981321,"3.2.0","win","DE",747
"2015-05-03","18:08:59",64981317,"3.2.0","win","SE",748
"2015-05-03","18:10:58",72568681,"3.2.0","osx","NL",749
"2015-05-03","18:53:57",64981312,"3.2.0","win","US",750
"2015-05-03","18:53:52",72568684,"3.2.0","osx","US",751
"2015-05-03","18:51:52",64981317,"3.2.0","win","US",752
"2015-05-03","18:54:34",64981315,"3.2.0","win","IN",753
"2015-05-03","18:55:21",64981317,"3.2.0","win","NO",754
"2015-05-03","18:56:00",64981319,"3.2.0","win","CA",755
"2015-05-03","18:56:01",72568681,"3.2.0","osx","IL",756
"2015-05-03","18:55:56",64981321,"3.2.0","win","GB",757
"2015-05-03","18:56:52",64981320,"3.2.0","win","PE",758
"2015-05-03","18:56:30",5375512,"3.2.0","win","JP",411
"2015-05-03","18:57:29",14616,"3.1.3","win","CN",759
"2015-05-03","18:57:51",14616,"3.1.1","win","CN",23
"2015-05-03","18:57:18",14616,"3.1.3","win","CN",28
"2015-05-03","18:57:17",14616,"3.1.2","src","CN",9
"2015-05-03","18:34:37",64981317,"3.2.0","win","GB",760
"2015-05-03","18:33:34",14616,"3.1.0","src","CN",23
"2015-05-03","18:35:15",64981320,"3.2.0","win","US",761
"2015-05-03","18:35:25",64981317,"3.2.0","win","BR",762
"2015-05-03","18:36:27",64981320,"3.2.0","win","BY",763
"2015-05-03","18:34:44",14616,"2.14.1","win","CN",9
"2015-05-03","18:36:43",64981317,"3.2.0","win","MX",764
"2015-05-03","18:37:35",64981320,"3.2.0","win","PL",765
"2015-05-03","18:37:13",14616,"3.2.0","win","CN",13
"2015-05-03","18:39:44",64981321,"3.2.0","win","DE",766
"2015-05-03","18:41:21",48176408,"3.2.0","win","PE",758
"2015-05-03","18:41:55",10052196,"3.2.0","win","MA",767
"2015-05-03","18:41:42",64981320,"3.2.0","win","GB",768
"2015-05-03","18:41:39",14616,"3.2.0","win","CN",15
"2015-05-03","18:00:34",64981317,"3.2.0","win","DE",769
"2015-05-03","18:44:45",64981317,"3.2.0","win","US",770
"2015-05-03","18:44:57",64981317,"3.2.0","win","CH",771
"2015-05-03","18:44:56",29125448,"3.2.0","src","US",772
"2015-05-03","18:45:20",14616,"3.1.3","src","CN",1
"2015-05-03","18:47:55",1756540,"3.2.0","win","IN",773
"2015-05-03","18:48:37",7855243,"3.2.0","win","IN",774
"2015-05-03","18:48:41",72568681,"3.2.0","osx","US",775
"2015-05-03","18:53:04",72568675,"3.2.0","osx","US",776
"2015-05-03","19:33:36",14616,"3.1.0","src","CN",23
"2015-05-03","19:32:22",64981321,"3.2.0","win","GB",777
"2015-05-03","19:35:41",64981320,"3.2.0","win","US",778
"2015-05-03","19:33:17",14616,"2.14.1","win","CN",258
"2015-05-03","19:34:47",14616,"2.14.1","win","CN",9
"2015-05-03","19:37:16",64981317,"3.2.0","win","US",779
"2015-05-03","19:36:42",14616,"3.1.3","win","CN",14
"2015-05-03","19:37:48",6570801,"3.2.0","win","US",174
"2015-05-03","19:37:15",14616,"3.2.0","win","CN",13
"2015-05-03","19:37:24",14616,"3.1.2","src","CN",9
"2015-05-03","19:40:32",52742650,"3.1.3","win","US",780
"2015-05-03","19:23:22",19494459,"3.2.0","win","PL",781
"2015-05-03","19:23:37",64981317,"3.2.0","win","US",782
"2015-05-03","19:23:44",8053571,"3.2.0","win","US",494
"2015-05-03","19:24:57",64981311,"3.2.0","win","DE",783
"2015-05-03","19:25:15",72568681,"3.2.0","osx","GB",784
"2015-05-03","19:25:21",72568681,"3.2.0","osx","GB",785
"2015-05-03","19:25:40",64981317,"3.2.0","win","US",786
"2015-05-03","19:26:20",71677017,"latest","osx","US",311
"2015-05-03","19:26:44",64981320,"3.2.0","win","GB",787
"2015-05-03","19:27:46",64981320,"3.2.0","win","US",788
"2015-05-03","19:28:05",64981317,"3.2.0","win","US",789
"2015-05-03","19:27:19",14616,"3.1.2","src","CN",9
"2015-05-03","19:27:19",14616,"3.1.3","win","CN",28
"2015-05-03","19:27:53",14616,"3.1.1","win","CN",23
"2015-05-03","19:30:28",7022220,"3.2.0","win","GB",777
"2015-05-03","19:51:22",64981317,"3.2.0","win","US",790
"2015-05-03","19:52:04",64981317,"3.2.0","win","US",791
"2015-05-03","19:52:32",64981317,"3.2.0","win","US",637
"2015-05-03","19:52:44",64981321,"3.2.0","win","US",792
"2015-05-03","19:53:40",64981317,"3.2.0","win","DE",793
"2015-05-03","19:53:59",64981320,"3.2.0","win","IN",794
"2015-05-03","19:55:14",64981320,"3.2.0","win","DE",795
"2015-05-03","19:55:22",52493805,"3.2.0","win","US",796
"2015-05-03","19:55:53",10038032,"3.2.0","osx","US",797
"2015-05-03","19:56:26",1647824,"3.2.0","osx","US",797
"2015-05-03","19:56:27",12706200,"3.2.0","osx","US",797
"2015-05-03","19:56:29",16698832,"3.2.0","osx","US",797
"2015-05-03","19:55:32",64981317,"3.2.0","win","IN",798
"2015-05-03","19:57:02",64981317,"3.2.0","win","FR",799
"2015-05-03","19:57:06",72568684,"3.2.0","osx","US",797
"2015-05-03","19:57:10",72568684,"3.2.0","osx","US",797
"2015-05-03","19:58:10",64981311,"3.2.0","win","US",800
"2015-05-03","19:57:20",14616,"3.1.2","src","CN",9
"2015-05-03","19:57:54",14616,"3.1.1","win","CN",23
"2015-05-03","19:59:09",71677017,"3.1.3","osx","US",797
"2015-05-03","19:57:20",14617,"3.1.3","win","CN",28
"2015-05-03","19:59:39",64981320,"3.2.0","win","PL",801
"2015-05-03","19:11:40",14616,"3.2.0","win","CN",15
"2015-05-03","19:12:30",550681,"3.2.0","win","CN",802
"2015-05-03","19:12:30",946688,"3.2.0","win","CN",802
"2015-05-03","19:13:30",64981317,"3.2.0","win","US",803
"2015-05-03","19:13:43",64981315,"3.2.0","win","GB",804
"2015-05-03","19:14:44",64981321,"3.2.0","win","PL",805
"2015-05-03","19:12:30",885466,"3.2.0","win","CN",802
"2015-05-03","19:15:23",64981312,"3.2.0","win","US",806
"2015-05-03","19:12:30",1071360,"3.2.0","win","CN",802
"2015-05-03","19:15:22",14616,"3.1.3","src","CN",1
"2015-05-03","19:20:44",64981321,"3.2.0","win","SK",807
"2015-05-03","19:21:56",64981317,"3.2.0","win","US",808
"2015-05-03","19:03:51",29125458,"3.2.0","src","US",772
"2015-05-03","19:04:21",64981317,"3.2.0","win","US",772
"2015-05-03","19:03:36",14616,"3.1.0","src","CN",23
"2015-05-03","19:04:44",14616,"2.14.1","win","CN",9
"2015-05-03","19:07:14",14616,"3.2.0","win","CN",13
"2015-05-03","19:10:40",64981317,"3.2.0","win","DE",809
"2015-05-03","19:11:05",64981317,"3.2.0","win","FR",810
"2015-05-03","19:41:52",64981317,"3.2.0","win","US",761
"2015-05-03","19:42:42",64981321,"3.2.0","win","US",811
"2015-05-03","19:41:42",14617,"3.2.0","win","CN",15
"2015-05-03","19:43:38",64981306,"3.2.0","win","US",812
"2015-05-03","19:43:44",64981317,"3.2.0","win","RU",813
"2015-05-03","19:44:45",64981319,"3.2.0","win","PL",801
"2015-05-03","19:45:14",64981317,"3.2.0","win","IL",814
"2015-05-03","19:45:07",64981317,"3.2.0","win","PE",815
"2015-05-03","19:45:24",14616,"3.1.3","src","CN",1
"2015-05-03","19:46:45",72568675,"3.2.0","osx","US",797
"2015-05-03","19:46:50",72568683,"3.2.0","osx","US",797
"2015-05-03","19:48:28",64981320,"3.2.0","win","NO",816
"2015-05-03","19:49:36",27627363,"3.2.0","win","IN",794
"2015-05-03","19:50:27",64981317,"3.2.0","win","TR",817
"2015-05-03","19:49:49",64981317,"3.2.0","win","NL",818
"2015-05-03","19:00:22",64981317,"3.2.0","win","DE",819
"2015-05-03","19:00:28",64981320,"3.2.0","win","PE",758
"2015-05-03","19:01:15",64981320,"3.2.0","win","DK",820
"2015-05-03","19:00:59",64981317,"3.2.0","win","GR",821
"2015-05-03","19:03:04",64981317,"3.2.0","win","US",822
"2015-05-03","20:00:42",64981321,"3.2.0","win","DK",823
"2015-05-03","20:00:37",63993,"3.2.0","win","TR",824
"2015-05-03","20:41:36",64981320,"3.2.0","win","BR",825
"2015-05-03","20:41:46",14616,"3.2.0","win","CN",15
"2015-05-03","20:43:10",64981317,"3.2.0","win","US",826
"2015-05-03","20:45:07",64981317,"3.2.0","win","US",827
"2015-05-03","20:45:27",14616,"3.1.3","src","CN",1
"2015-05-03","20:47:05",64981317,"3.2.0","win","US",828
"2015-05-03","20:46:09",64981317,"3.2.0","win","TW",829
"2015-05-03","20:54:17",64981317,"3.2.0","win","AR",830
"2015-05-03","20:55:19",33403784,"3.2.0","win","CA",831
"2015-05-03","20:55:28",64981312,"3.2.0","win","PE",832
"2015-05-03","20:56:03",70898724,"3.1.3","osx","LT",833
"2015-05-03","20:57:22",14616,"3.1.3","win","CN",28
"2015-05-03","20:57:50",64981317,"3.2.0","win","US",834
"2015-05-03","20:57:41",64981320,"3.2.0","win","BR",835
"2015-05-03","20:57:56",14616,"3.1.1","win","CN",23
"2015-05-03","20:57:23",14616,"3.1.2","src","CN",9
"2015-05-03","20:32:45",64981317,"3.2.0","win","US",836
"2015-05-03","20:34:01",72568685,"3.2.0","osx","US",837
"2015-05-03","20:32:50",28656462,"3.1.2","src","NZ",838
"2015-05-03","20:33:39",14616,"3.1.0","src","CN",23
"2015-05-03","20:36:56",64981317,"3.2.0","win","NZ",838
"2015-05-03","20:34:51",14616,"2.14.1","win","CN",9
"2015-05-03","20:38:43",16484625,"3.2.0","win","MX",839
"2015-05-03","20:39:14",64981317,"3.2.0","win","UA",840
"2015-05-03","20:37:17",14616,"3.2.0","win","CN",13
"2015-05-03","20:41:15",64981312,"3.2.0","win","US",841
"2015-05-03","20:11:43",14616,"3.2.0","win","CN",15
"2015-05-03","20:15:49",28656471,"3.1.2","src","GB",842
"2015-05-03","20:15:25",14616,"3.1.3","src","CN",1
"2015-05-03","20:16:07",145976,"3.2.0","win","GH",843
"2015-05-03","20:16:14",72568681,"3.2.0","osx","NL",844
"2015-05-03","20:19:38",64981321,"3.2.0","win","US",845
"2015-05-03","20:20:34",56000,"3.2.0","win","TN",846
"2015-05-03","20:20:55",64981317,"3.2.0","win","BR",847
"2015-05-03","20:22:11",64981317,"3.2.0","win","US",848
"2015-05-03","20:20:31",14616,"3.1.0","src","CN",349
"2015-05-03","20:19:42",64981317,"3.2.0","win","US",849
"2015-05-03","20:23:12",64981317,"3.2.0","win","PL",850
"2015-05-03","20:25:39",64981317,"3.2.0","win","US",851
"2015-05-03","20:25:02",64981317,"3.2.0","win","BR",852
"2015-05-03","20:26:07",64981321,"3.2.0","win","CH",853
"2015-05-03","20:26:56",64981317,"3.2.0","win","CH",854
"2015-05-03","20:27:33",29125454,"3.2.0","src","US",855
"2015-05-03","20:29:38",64981317,"3.2.0","win","FI",856
"2015-05-03","20:27:56",14616,"3.1.1","win","CN",23
"2015-05-03","20:30:27",64981320,"3.2.0","win","PL",850
"2015-05-03","20:27:20",14616,"3.1.3","win","CN",28
"2015-05-03","20:27:21",14616,"3.1.2","src","CN",9
"2015-05-03","20:31:15",64981317,"3.2.0","win","MX",839
"2015-05-03","20:31:41",64981317,"3.2.0","win","US",855
"2015-05-03","20:02:04",722071,"3.2.0","win","MX",857
"2015-05-03","20:01:27",110960,"3.2.0","win","TR",824
"2015-05-03","20:02:49",72568684,"3.2.0","osx","US",797
"2015-05-03","20:03:38",14616,"3.1.0","src","CN",23
"2015-05-03","20:05:27",72568681,"3.2.0","osx","US",858
"2015-05-03","20:06:37",72568681,"3.2.0","osx","GB",859
"2015-05-03","20:04:49",14616,"2.14.1","win","CN",9
"2015-05-03","20:07:21",64981317,"3.2.0","win","US",860
"2015-05-03","20:08:26",28656462,"3.1.2","src","GB",842
"2015-05-03","20:07:16",14616,"3.2.0","win","CN",13
"2015-05-03","20:09:48",64981317,"3.2.0","win","US",861
"2015-05-03","20:11:27",64981317,"3.2.0","win","US",862
"2015-05-03","21:11:50",45832,"3.2.0","win","CN",15
"2015-05-03","21:16:24",64981306,"3.2.0","win","MX",863
"2015-05-03","21:16:40",64981312,"3.2.0","win","US",864
"2015-05-03","21:16:40",9475087,"3.2.0","win","UA",865
"2015-05-03","21:17:21",64981311,"3.2.0","win","NZ",185
"2015-05-03","21:17:03",72568681,"3.2.0","osx","CA",866
"2015-05-03","21:15:28",14616,"3.1.3","src","CN",1
"2015-05-03","21:18:01",72568681,"3.2.0","osx","US",867
"2015-05-03","21:21:03",64981317,"3.2.0","win","US",868
"2015-05-03","21:21:32",64981321,"3.2.0","win","DE",869
"2015-05-03","21:44:21",64981317,"3.2.0","win","BR",870
"2015-05-03","21:44:35",64981321,"3.2.0","win","US",871
"2015-05-03","21:44:31",64981321,"3.2.0","win","CO",872
"2015-05-03","21:46:10",72568681,"3.2.0","osx","US",873
"2015-05-03","21:48:01",64981317,"3.2.0","win","PE",874
"2015-05-03","21:45:29",14616,"3.1.3","src","CN",1
"2015-05-03","21:49:37",64981317,"3.2.0","win","US",875
"2015-05-03","21:51:03",72568681,"3.2.0","osx","US",876
"2015-05-03","21:51:28",64981317,"3.2.0","win","US",877
"2015-05-03","21:52:39",64981317,"3.2.0","win","PL",878
"2015-05-03","21:55:45",64981317,"3.2.0","win","FR",879
"2015-05-03","21:57:59",14616,"3.1.1","win","CN",23
"2015-05-03","21:59:25",64981317,"3.2.0","win","RU",880
"2015-05-03","21:57:25",14616,"3.1.3","win","CN",28
"2015-05-03","21:57:25",14616,"3.1.2","src","CN",9
"2015-05-03","21:22:38",72568675,"3.2.0","osx","FR",881
"2015-05-03","21:23:02",64981321,"3.2.0","win","US",882
"2015-05-03","21:23:57",64981321,"3.2.0","win","DE",869
"2015-05-03","21:23:46",28656462,"3.1.2","src","US",883
"2015-05-03","21:24:18",24700662,"3.2.0","win","DE",869
"2015-05-03","21:26:51",72568681,"3.2.0","osx","DE",884
"2015-05-03","21:27:18",64981317,"3.2.0","win","US",885
"2015-05-03","21:27:24",14616,"3.1.3","win","CN",28
"2015-05-03","21:27:24",14616,"3.1.2","src","CN",9
"2015-05-03","21:27:58",14616,"3.1.1","win","CN",23
"2015-05-03","21:32:24",72568675,"3.2.0","osx","CA",886
"2015-05-03","21:00:29",160600,"3.2.0","win","SE",887
"2015-05-03","21:00:44",64981317,"3.2.0","win","RU",888
"2015-05-03","21:33:26",64981317,"3.2.0","win","EC",889
"2015-05-03","21:33:40",72568681,"3.2.0","osx","US",890
"2015-05-03","21:34:26",64981312,"3.2.0","win","GB",891
"2015-05-03","21:33:42",14616,"3.1.0","src","CN",23
"2015-05-03","21:34:56",14616,"2.14.1","win","CN",9
"2015-05-03","21:35:44",2416603,"3.2.0","win","IE",892
"2015-05-03","21:36:47",64981317,"3.2.0","win","ES",893
"2015-05-03","21:37:16",64981317,"3.2.0","win","TZ",894
"2015-05-03","21:37:20",14616,"3.2.0","win","CN",13
"2015-05-03","21:37:52",72568675,"3.2.0","osx","US",895
"2015-05-03","21:37:58",28656462,"3.1.2","src","IE",892
"2015-05-03","21:40:51",71677017,"3.1.3","osx","FR",896
"2015-05-03","21:41:04",64981317,"3.2.0","win","US",897
"2015-05-03","21:41:51",45018,"3.2.0","win","CN",15
"2015-05-03","21:01:55",64981317,"3.2.0","win","SE",887
"2015-05-03","21:02:02",64981320,"3.2.0","win","US",898
"2015-05-03","21:04:23",64981317,"3.2.0","win","RU",899
"2015-05-03","21:05:32",64981317,"3.2.0","win","KR",900
"2015-05-03","21:04:54",14616,"2.14.1","win","CN",9
"2015-05-03","21:03:40",14616,"3.1.0","src","CN",23
"2015-05-03","21:06:21",72568675,"3.2.0","osx","US",901
"2015-05-03","21:05:22",7472034,"3.2.0","win","KR",900
"2015-05-03","21:08:56",64981317,"3.2.0","win","US",902
"2015-05-03","21:09:39",72568675,"3.2.0","osx","CZ",903
"2015-05-03","21:07:18",14616,"3.2.0","win","CN",13
"2015-05-03","21:10:33",64981320,"3.2.0","win","US",904
"2015-05-03","21:10:47",57615054,"3.1.1","osx","BR",905
"2015-05-03","22:15:26",72568681,"3.2.0","osx","MX",906
"2015-05-03","22:14:53",64981317,"3.2.0","win","US",907
"2015-05-03","22:16:26",64981317,"3.2.0","win","ES",908
"2015-05-03","22:15:30",14616,"3.1.3","src","CN",1
"2015-05-03","22:19:32",64981317,"3.2.0","win","FR",909
"2015-05-03","22:19:34",72568681,"3.2.0","osx","GB",910
"2015-05-03","22:19:21",29125448,"3.2.0","src","US",911
"2015-05-03","22:20:04",64981320,"3.2.0","win","US",907
"2015-05-03","22:22:08",64981317,"3.2.0","win","US",912
"2015-05-03","22:04:57",14616,"2.14.1","win","CN",9
"2015-05-03","22:05:11",64981311,"3.2.0","win","GB",913
"2015-05-03","22:05:47",72568681,"3.2.0","osx","US",914
"2015-05-03","22:03:43",14616,"3.1.0","src","CN",23
"2015-05-03","22:07:25",64981312,"3.2.0","win","US",915
"2015-05-03","22:07:20",64981317,"3.2.0","win","PL",916
"2015-05-03","22:07:21",14616,"3.2.0","win","CN",13
"2015-05-03","22:09:58",64981317,"3.2.0","win","US",917
"2015-05-03","22:12:19",72568675,"3.2.0","osx","US",918
"2015-05-03","22:11:52",14616,"3.2.0","win","CN",15
"2015-05-03","22:12:51",64981317,"3.2.0","win","US",919
"2015-05-03","22:55:37",64981317,"3.2.0","win","US",920
"2015-05-03","22:57:24",64981317,"3.2.0","win","US",921
"2015-05-03","22:57:30",14616,"3.1.2","src","CN",9
"2015-05-03","22:57:30",14616,"3.1.3","win","CN",28
"2015-05-03","22:58:02",14616,"3.1.1","win","CN",23
"2015-05-03","22:33:43",14616,"3.1.0","src","CN",23
"2015-05-03","22:36:43",46720,"3.1.3","win","CN",14
"2015-05-03","22:34:58",14617,"2.14.1","win","CN",9
"2015-05-03","22:37:23",14616,"3.2.0","win","CN",13
"2015-05-03","22:39:37",28656462,"3.1.2","src","CA",922
"2015-05-03","22:40:54",64981317,"3.2.0","win","AU",923
"2015-05-03","22:41:54",64981312,"3.2.0","win","US",924
"2015-05-03","22:25:26",64981315,"3.2.0","win","US",925
"2015-05-03","22:26:37",64981315,"3.2.0","win","US",926
"2015-05-03","22:27:59",64981317,"3.2.0","win","AL",927
"2015-05-03","22:27:27",14616,"3.1.3","win","CN",28
"2015-05-03","22:28:17",72568681,"3.2.0","osx","US",928
"2015-05-03","22:27:28",14616,"3.1.2","src","CN",9
"2015-05-03","22:29:26",57097900,"3.1.3","win","US",929
"2015-05-03","22:29:31",64981317,"3.2.0","win","US",930
"2015-05-03","22:28:00",14616,"3.1.1","win","CN",23
"2015-05-03","22:30:19",64981317,"3.2.0","win","KR",931
"2015-05-03","22:32:25",64981317,"3.2.0","win","US",932
"2015-05-03","22:00:05",64981317,"3.2.0","win","IT",933
"2015-05-03","22:00:22",14616,"3.1.0","src","CN",61
"2015-05-03","22:41:54",14616,"3.2.0","win","CN",15
"2015-05-03","22:43:17",64981317,"3.2.0","win","US",934
"2015-05-03","22:43:44",64981317,"3.2.0","win","BR",935
"2015-05-03","22:45:34",64981317,"3.2.0","win","US",936
"2015-05-03","22:45:32",14616,"3.1.3","src","CN",1
"2015-05-03","22:51:43",64981321,"3.2.0","win","US",937
"2015-05-03","23:41:56",14616,"3.2.0","win","CN",15
"2015-05-03","23:42:39",72568675,"3.2.0","osx","US",938
"2015-05-03","23:45:18",64981317,"3.2.0","win","US",939
"2015-05-03","23:45:33",14616,"3.1.3","src","CN",1
"2015-05-03","23:48:15",33445,"3.2.0","win","CN",940
"2015-05-03","23:50:25",64981317,"3.2.0","win","RU",941
"2015-05-03","23:48:00",64981317,"3.2.0","win","SI",942
"2015-05-03","23:22:55",64981317,"3.2.0","win","US",943
"2015-05-03","23:27:31",14616,"3.1.3","win","CN",28
"2015-05-03","23:27:33",14616,"3.1.2","src","CN",9
"2015-05-03","23:28:49",72568681,"3.2.0","osx","US",944
"2015-05-03","23:28:04",14616,"3.1.1","win","CN",23
"2015-05-03","23:29:12",64981317,"3.2.0","win","CA",945
"2015-05-03","23:12:12",64981317,"3.2.0","win","CO",946
"2015-05-03","23:15:33",14616,"3.1.3","src","CN",1
"2015-05-03","23:17:31",754893,"3.2.0","win","HK",947
"2015-05-03","23:17:20",119853,"3.2.0","win","HK",947
"2015-05-03","23:17:31",805853,"3.2.0","win","HK",947
"2015-05-03","23:21:06",64981317,"3.2.0","win","BR",948
"2015-05-03","23:34:22",55839727,"3.0.3","win","CN",949
"2015-05-03","23:33:46",14616,"3.1.0","src","CN",23
"2015-05-03","23:35:02",14616,"2.14.1","win","CN",9
"2015-05-03","23:35:10",64981312,"3.2.0","win","US",950
"2015-05-03","23:35:23",8568788,"3.2.0","win","US",951
"2015-05-03","23:34:21",64981317,"3.2.0","win","NZ",952
"2015-05-03","23:36:12",87021,"3.2.0","src","US",953
"2015-05-03","23:36:45",64981317,"3.2.0","win","US",954
"2015-05-03","23:37:30",64981317,"3.2.0","win","GB",955
"2015-05-03","23:37:24",14616,"3.2.0","win","CN",13
"2015-05-03","23:41:36",64981319,"3.2.0","win","US",951
"2015-05-03","23:03:44",14616,"3.1.0","src","CN",23
"2015-05-03","23:03:22",14616,"2.14.1","win","CN",258
"2015-05-03","23:05:00",14616,"2.14.1","win","CN",9
"2015-05-03","23:07:24",14616,"3.2.0","win","CN",13
"2015-05-03","23:09:15",64981317,"3.2.0","win","CA",956
"2015-05-03","23:11:45",64981317,"3.2.0","win","US",957
"2015-05-03","23:11:55",14616,"3.2.0","win","CN",15
"2015-05-03","23:53:30",64981321,"3.2.0","win","US",958
"2015-05-03","23:53:06",111496,"3.2.0","win","CN",959
"2015-05-03","23:54:43",64981317,"3.2.0","win","CN",960
"2015-05-03","23:55:00",64981321,"3.2.0","win","GB",961
"2015-05-03","23:55:14",77969,"3.2.0","win","CN",960
"2015-05-03","23:55:05",64981311,"3.2.0","win","CN",962
"2015-05-03","23:55:09",68056,"3.2.0","win","CN",960
"2015-05-03","23:55:42",64981319,"3.2.0","win","CN",963
"2015-05-03","23:55:54",71099,"3.2.0","win","CN",964
"2015-05-03","23:55:43",69504,"3.2.0","win","CN",965
"2015-05-03","23:57:04",64981317,"3.2.0","win","PE",966
"2015-05-03","23:56:28",78192,"3.2.0","win","CN",967
"2015-05-03","23:57:03",78192,"3.2.0","win","CN",968
"2015-05-03","23:57:03",64981320,"3.2.0","win","CN",969
"2015-05-03","23:57:31",14616,"3.1.3","win","CN",28
"2015-05-03","23:57:35",14616,"3.1.2","src","CN",9
"2015-05-03","23:58:18",77283,"3.2.0","win","CN",970
"2015-05-03","23:58:40",77283,"3.2.0","win","CN",960
"2015-05-03","23:58:07",14616,"3.1.1","win","CN",23
"2015-05-03","23:00:07",64981317,"3.2.0","win","SG",971
"2015-05-03","23:01:03",64981317,"3.2.0","win","BR",972
